created_at,entry_id,field1,field2,field3,field4,field5,latitude,longitude,elevation,status
2023-08-06T18:00:34+00:00,1,400,-127.00000,0,,,,,,
2023-08-06T18:00:51+00:00,2,400,-127.00000,0,,,,,,
2023-08-06T18:01:19+00:00,3,1000,-127.00000,0,,,,,,
2023-08-06T18:01:36+00:00,4,1000,-127.00000,0,,,,,,
2023-08-06T18:01:52+00:00,5,1000,-127.00000,0,,,,,,
2023-08-06T18:02:08+00:00,6,1000,-127.00000,0,,,,,,
2023-08-06T18:02:25+00:00,7,1000,-127.00000,0,,,,,,
2023-08-06T18:02:42+00:00,8,1000,-127.00000,0,,,,,,
2023-08-06T18:02:58+00:00,9,1000,-127.00000,0,,,,,,
2023-08-06T18:03:15+00:00,10,1000,-127.00000,0,,,,,,
2023-08-06T18:03:31+00:00,11,1000,-127.00000,0,,,,,,
2023-08-06T18:03:48+00:00,12,1000,-127.00000,0,,,,,,
2023-08-06T18:04:04+00:00,13,1000,-127.00000,0,,,,,,
2023-08-06T18:04:21+00:00,14,1000,-127.00000,0,,,,,,
2023-08-06T18:04:37+00:00,15,1000,-127.00000,0,,,,,,
2023-08-06T18:04:54+00:00,16,1000,-127.00000,0,,,,,,
2023-08-06T18:05:11+00:00,17,1000,-127.00000,0,,,,,,
2023-08-06T18:05:27+00:00,18,1000,-127.00000,0,,,,,,
2023-08-06T18:05:43+00:00,19,1000,-127.00000,0,,,,,,
2023-08-06T18:05:59+00:00,20,1000,-127.00000,0,,,,,,
2023-08-06T18:06:15+00:00,21,1000,-127.00000,0,,,,,,
2023-08-06T18:06:32+00:00,22,559,-127.00000,0,,,,,,
2023-08-06T18:06:48+00:00,23,1000,-127.00000,0,,,,,,
2023-08-06T18:07:04+00:00,24,1000,-127.00000,0,,,,,,
2023-08-06T18:07:21+00:00,25,1000,-127.00000,0,,,,,,
2023-08-06T18:07:37+00:00,26,1000,-127.00000,0,,,,,,
2023-08-06T18:07:54+00:00,27,1000,-127.00000,0,,,,,,
2023-08-06T18:08:10+00:00,28,1000,-127.00000,0,,,,,,
2023-08-06T18:08:26+00:00,29,1000,-127.00000,0,,,,,,
2023-08-06T18:08:43+00:00,30,1000,-127.00000,0,,,,,,
2023-08-06T18:08:59+00:00,31,1000,-127.00000,0,,,,,,
2023-08-06T18:09:16+00:00,32,1000,-127.00000,0,,,,,,
2023-08-06T18:09:32+00:00,33,1000,-127.00000,0,,,,,,
2023-08-06T18:09:49+00:00,34,1000,-127.00000,0,,,,,,
2023-08-06T18:10:05+00:00,35,1000,-127.00000,0,,,,,,
2023-08-06T18:10:21+00:00,36,1000,-127.00000,0,,,,,,
2023-08-06T18:10:38+00:00,37,1000,-127.00000,0,,,,,,
2023-08-06T18:10:55+00:00,38,1000,-127.00000,0,,,,,,
2023-08-06T18:11:12+00:00,39,1000,-127.00000,0,,,,,,
2023-08-06T18:11:28+00:00,40,1000,-127.00000,0,,,,,,
2023-08-06T18:11:45+00:00,41,1000,-127.00000,0,,,,,,
2023-08-06T18:12:01+00:00,42,1000,-127.00000,0,,,,,,
2023-08-06T18:12:18+00:00,43,1000,-127.00000,0,,,,,,
2023-08-06T18:12:35+00:00,44,1000,-127.00000,0,,,,,,
2023-08-06T18:12:51+00:00,45,1000,-127.00000,0,,,,,,
2023-08-06T18:13:08+00:00,46,1000,-127.00000,0,,,,,,
2023-08-06T18:13:24+00:00,47,1000,-127.00000,0,,,,,,
2023-08-06T18:13:41+00:00,48,1000,-127.00000,0,,,,,,
2023-08-06T18:13:57+00:00,49,1000,-127.00000,0,,,,,,
2023-08-06T18:14:28+00:00,50,1000,27.68750,4095,,,,,,
2023-08-06T18:14:46+00:00,51,1000,27.75000,4095,,,,,,
2023-08-06T18:15:04+00:00,52,1000,27.75000,4095,,,,,,
2023-08-06T18:15:20+00:00,53,1000,27.75000,4095,,,,,,
2023-08-06T18:15:35+00:00,54,1000,27.75000,4095,,,,,,
2023-08-06T18:15:50+00:00,55,1000,27.75000,4095,,,,,,
2023-08-06T18:16:06+00:00,56,1000,27.75000,4095,,,,,,
2023-08-06T18:16:21+00:00,57,1000,27.75000,4095,,,,,,
2023-08-06T18:16:38+00:00,58,1000,27.75000,4095,,,,,,
2023-08-06T18:16:54+00:00,59,1000,27.75000,4095,,,,,,
2023-08-06T18:17:09+00:00,60,1000,27.75000,4095,,,,,,
2023-08-06T18:17:25+00:00,61,1000,27.75000,4095,,,,,,
2023-08-06T18:17:40+00:00,62,1000,27.75000,4095,,,,,,
2023-08-06T18:17:59+00:00,63,1000,27.75000,157,,,,,,
2023-08-06T18:18:14+00:00,64,1000,27.75000,168,,,,,,
2023-08-06T18:18:30+00:00,65,1000,27.75000,142,,,,,,
2023-08-06T18:18:45+00:00,66,1000,27.75000,186,,,,,,
2023-08-06T18:19:00+00:00,67,1000,27.68750,677,,,,,,
2023-08-06T18:19:19+00:00,68,1000,27.68750,4095,,,,,,
2023-08-06T18:19:36+00:00,69,1000,27.75000,4095,,,,,,
2023-08-06T18:19:52+00:00,70,1000,27.68750,4095,,,,,,
2023-08-06T18:20:23+00:00,71,1000,27.68750,4095,,,,,,
2023-08-06T18:20:44+00:00,72,1000,27.68750,4095,,,,,,
2023-08-06T18:21:00+00:00,73,1000,27.68750,4095,,,,,,
2023-08-06T18:21:16+00:00,74,1000,27.68750,4095,,,,,,
2023-08-06T18:21:35+00:00,75,1000,27.68750,4095,,,,,,
2023-08-06T18:21:50+00:00,76,1000,27.62500,4095,,,,,,
2023-08-06T18:22:06+00:00,77,488,27.68750,4095,,,,,,
2023-08-06T18:22:22+00:00,78,515,27.62500,4095,,,,,,
2023-08-06T18:22:38+00:00,79,528,27.62500,4095,,,,,,
2023-08-06T18:22:53+00:00,80,536,27.62500,4095,,,,,,
2023-08-06T18:23:08+00:00,81,538,27.62500,4095,,,,,,
2023-08-06T18:23:23+00:00,82,541,27.56250,4095,,,,,,
2023-08-06T18:23:39+00:00,83,544,27.56250,4095,,,,,,
2023-08-06T18:23:54+00:00,84,546,27.56250,4095,,,,,,
2023-08-06T18:24:10+00:00,85,541,27.56250,4095,,,,,,
2023-08-06T18:24:25+00:00,86,548,27.56250,4095,,,,,,
2023-08-06T18:24:40+00:00,87,546,27.56250,4095,,,,,,
2023-08-06T18:24:56+00:00,88,546,27.56250,4095,,,,,,
2023-08-06T18:25:12+00:00,89,547,27.56250,4095,,,,,,
2023-08-06T18:25:28+00:00,90,551,27.50000,4095,,,,,,
2023-08-06T18:25:43+00:00,91,541,27.56250,4095,,,,,,
2023-08-06T18:26:00+00:00,92,546,27.56250,4095,,,,,,
2023-08-06T18:31:58+00:00,93,1000,27.37500,4095,,,,,,
2023-08-06T18:32:19+00:00,94,1000,27.37500,4095,,,,,,
2023-08-06T18:33:38+00:00,95,423,27.31250,4095,,,,,,
2023-08-06T18:33:53+00:00,96,426,27.31250,4095,,,,,,
2023-08-06T18:34:12+00:00,97,453,27.37500,4095,,,,,,
2023-08-06T18:34:27+00:00,98,476,27.37500,4095,,,,,,
2023-08-06T18:34:42+00:00,99,504,27.37500,4095,,,,,,
2023-08-06T18:34:57+00:00,100,431,26.43750,4095,,,,,,
2023-08-06T18:35:16+00:00,101,480,26.06250,4095,,,,,,
2023-08-06T18:35:35+00:00,102,499,25.93750,4095,,,,,,
2023-08-06T18:35:50+00:00,103,434,28.12500,4095,,,,,,
2023-08-06T18:36:09+00:00,104,487,31.93750,4095,,,,,,
2023-08-06T18:36:28+00:00,105,516,33.31250,4095,,,,,,
2023-08-06T18:36:43+00:00,106,534,34.00000,4095,,,,,,
2023-08-06T18:37:01+00:00,107,532,34.50000,4095,,,,,,
2023-08-06T18:37:20+00:00,108,540,34.93750,4095,,,,,,
2023-08-06T18:37:39+00:00,109,543,35.18750,4095,,,,,,
2023-08-06T18:37:55+00:00,110,547,35.43750,4095,,,,,,
2023-08-06T18:38:13+00:00,111,543,34.62500,4095,,,,,,
2023-08-06T18:38:30+00:00,112,541,33.81250,4095,,,,,,
2023-08-06T18:38:45+00:00,113,542,33.25000,4095,,,,,,
2023-08-06T18:39:01+00:00,114,540,32.68750,4095,,,,,,
2023-08-06T18:39:17+00:00,115,541,32.18750,4095,,,,,,
2023-08-06T18:39:32+00:00,116,543,31.87500,4095,,,,,,
2023-08-06T18:39:51+00:00,117,543,31.56250,0,,,,,,
2023-08-06T18:40:08+00:00,118,543,31.25000,454,,,,,,
2023-08-06T18:40:26+00:00,119,541,30.87500,27,,,,,,
2023-08-06T18:40:44+00:00,120,536,30.68750,0,,,,,,
2023-08-06T18:41:03+00:00,121,543,30.50000,4095,,,,,,
2023-08-06T18:41:18+00:00,122,541,30.25000,4095,,,,,,
2023-08-06T18:41:34+00:00,123,544,30.06250,4095,,,,,,
2023-08-06T18:41:49+00:00,124,543,30.00000,97,,,,,,
2023-08-06T18:42:07+00:00,125,544,29.87500,4095,,,,,,
2023-08-06T18:42:26+00:00,126,541,29.75000,4015,,,,,,
2023-08-06T18:42:42+00:00,127,544,29.56250,666,,,,,,
2023-08-06T18:42:57+00:00,128,545,29.43750,775,,,,,,
2023-08-06T18:43:12+00:00,129,547,29.31250,743,,,,,,
2023-08-06T18:43:28+00:00,130,542,29.18750,785,,,,,,
2023-08-06T18:43:44+00:00,131,538,29.12500,764,,,,,,
2023-08-06T18:44:00+00:00,132,543,29.06250,723,,,,,,
2023-08-06T18:44:24+00:00,133,539,28.93750,735,,,,,,
2023-08-06T18:44:43+00:00,134,412,28.81250,769,,,,,,
2023-08-06T18:44:58+00:00,135,423,28.68750,783,,,,,,
2023-08-06T18:45:17+00:00,136,442,28.68750,759,,,,,,
2023-08-06T18:45:36+00:00,137,505,28.68750,775,,,,,,
2023-08-06T18:45:55+00:00,138,520,28.62500,803,,,,,,
2023-08-06T18:46:14+00:00,139,532,28.50000,790,,,,,,
2023-08-06T18:46:29+00:00,140,536,28.50000,3794,,,,,,
2023-08-06T18:46:45+00:00,141,546,28.43750,3808,,,,,,
2023-08-06T18:47:00+00:00,142,543,28.37500,3680,,,,,,
2023-08-06T18:47:18+00:00,143,541,28.37500,3536,,,,,,
2023-08-06T18:47:33+00:00,144,539,28.31250,3798,,,,,,
2023-08-06T18:47:49+00:00,145,541,28.31250,797,,,,,,
2023-08-06T18:48:05+00:00,146,539,28.31250,665,,,,,,
2023-08-06T18:48:20+00:00,147,536,28.31250,770,,,,,,
2023-08-06T18:48:38+00:00,148,539,28.25000,816,,,,,,
2023-08-06T18:48:57+00:00,149,544,28.25000,821,,,,,,
2023-08-06T18:49:12+00:00,150,1000,28.18750,786,,,,,,
2023-08-06T18:49:29+00:00,151,1000,28.25000,801,,,,,,
2023-08-06T18:49:44+00:00,152,1000,28.12500,795,,,,,,
2023-08-06T18:50:00+00:00,153,1000,28.12500,786,,,,,,
2023-08-06T18:50:15+00:00,154,1000,28.12500,817,,,,,,
2023-08-06T18:50:34+00:00,155,1000,28.12500,815,,,,,,
2023-08-06T18:50:52+00:00,156,1000,28.06250,771,,,,,,
2023-08-06T18:51:08+00:00,157,1000,28.12500,784,,,,,,
2023-08-06T18:51:23+00:00,158,1000,28.06250,791,,,,,,
2023-08-06T18:51:38+00:00,159,1000,28.06250,830,,,,,,
2023-08-06T18:51:54+00:00,160,1000,28.06250,869,,,,,,
2023-08-06T18:52:10+00:00,161,1000,28.06250,758,,,,,,
2023-08-06T18:52:25+00:00,162,1000,28.00000,762,,,,,,
2023-08-06T18:52:41+00:00,163,1000,28.00000,807,,,,,,
2023-08-06T18:52:59+00:00,164,1000,27.93750,775,,,,,,
2023-08-06T18:53:18+00:00,165,1000,28.00000,799,,,,,,
2023-08-06T18:53:37+00:00,166,1000,27.93750,827,,,,,,
2023-08-06T18:53:52+00:00,167,1000,27.93750,771,,,,,,
2023-08-06T18:54:07+00:00,168,1000,28.06250,802,,,,,,
2023-08-06T18:54:26+00:00,169,1000,28.00000,751,,,,,,
2023-08-06T18:54:41+00:00,170,1000,28.06250,770,,,,,,
2023-08-06T18:54:59+00:00,171,1000,28.00000,796,,,,,,
2023-08-06T18:55:15+00:00,172,1000,27.93750,798,,,,,,
2023-08-06T18:55:41+00:00,173,1000,27.93750,791,,,,,,
2023-08-06T18:56:00+00:00,174,1000,27.93750,766,,,,,,
2023-08-06T18:56:15+00:00,175,1000,28.00000,823,,,,,,
2023-08-06T18:56:30+00:00,176,1000,27.93750,788,,,,,,
2023-08-06T18:56:46+00:00,177,1000,28.06250,785,,,,,,
2023-08-06T18:57:04+00:00,178,1000,28.00000,758,,,,,,
2023-08-06T18:57:23+00:00,179,1000,27.93750,722,,,,,,
2023-08-06T18:57:40+00:00,180,1000,27.93750,789,,,,,,
2023-08-06T18:57:57+00:00,181,1000,28.00000,796,,,,,,
2023-08-06T18:58:12+00:00,182,1000,28.00000,779,,,,,,
2023-08-06T18:58:38+00:00,183,1000,28.00000,730,,,,,,
2023-08-06T18:58:56+00:00,184,1000,28.00000,813,,,,,,
2023-08-06T18:59:11+00:00,185,1000,27.93750,800,,,,,,
2023-08-06T18:59:30+00:00,186,1000,28.00000,828,,,,,,
2023-08-06T18:59:53+00:00,187,1000,28.00000,796,,,,,,
2023-08-06T19:00:09+00:00,188,1000,28.00000,842,,,,,,
2023-08-06T19:00:27+00:00,189,1000,28.00000,817,,,,,,
2023-08-06T19:00:44+00:00,190,1000,28.00000,886,,,,,,
2023-08-06T19:01:00+00:00,191,1000,27.93750,881,,,,,,
2023-08-06T19:01:18+00:00,192,1000,28.00000,885,,,,,,
2023-08-06T19:01:43+00:00,193,1000,28.06250,850,,,,,,
2023-08-06T19:02:00+00:00,194,1000,28.00000,848,,,,,,
2023-08-06T19:02:19+00:00,195,1000,28.00000,891,,,,,,
2023-08-06T19:02:34+00:00,196,1000,28.00000,894,,,,,,
2023-08-06T19:02:50+00:00,197,1000,27.93750,894,,,,,,
2023-08-06T19:03:08+00:00,198,1000,28.06250,886,,,,,,
2023-08-06T19:03:24+00:00,199,1000,28.06250,893,,,,,,
2023-08-06T19:03:42+00:00,200,423,28.06250,874,,,,,,
2023-08-06T19:04:00+00:00,201,414,28.06250,944,,,,,,
2023-08-06T19:04:19+00:00,202,426,28.00000,895,,,,,,
2023-08-06T19:04:34+00:00,203,435,28.12500,851,,,,,,
2023-08-06T19:04:53+00:00,204,469,28.12500,874,,,,,,
2023-08-06T19:05:08+00:00,205,485,28.12500,895,,,,,,
2023-08-06T19:05:27+00:00,206,513,28.06250,848,,,,,,
2023-08-06T19:05:42+00:00,207,525,28.12500,896,,,,,,
2023-08-06T19:05:57+00:00,208,523,28.12500,842,,,,,,
2023-08-06T19:06:12+00:00,209,536,28.18750,921,,,,,,
2023-08-06T19:06:37+00:00,210,540,28.12500,851,,,,,,
2023-08-06T19:06:58+00:00,211,538,28.06250,848,,,,,,
2023-08-06T19:07:17+00:00,212,546,28.12500,843,,,,,,
2023-08-06T19:07:38+00:00,213,553,28.12500,817,,,,,,
2023-08-06T19:07:57+00:00,214,552,28.12500,839,,,,,,
2023-08-06T19:08:17+00:00,215,546,28.18750,842,,,,,,
2023-08-06T19:08:37+00:00,216,546,28.18750,843,,,,,,
2023-08-06T19:08:56+00:00,217,552,28.12500,848,,,,,,
2023-08-06T19:09:15+00:00,218,563,28.12500,885,,,,,,
2023-08-06T19:09:34+00:00,219,546,28.12500,913,,,,,,
2023-08-06T19:10:06+00:00,220,553,28.18750,891,,,,,,
2023-08-06T19:10:25+00:00,221,550,28.12500,864,,,,,,
2023-08-06T19:10:44+00:00,222,548,28.18750,846,,,,,,
2023-08-06T19:11:41+00:00,223,545,28.12500,854,,,,,,
2023-08-06T19:12:01+00:00,224,543,28.12500,870,,,,,,
2023-08-06T19:12:22+00:00,225,550,28.12500,915,,,,,,
2023-08-06T19:12:40+00:00,226,547,28.18750,901,,,,,,
2023-08-06T19:13:01+00:00,227,542,28.12500,857,,,,,,
2023-08-06T19:13:20+00:00,228,550,28.18750,880,,,,,,
2023-08-06T19:13:38+00:00,229,550,28.18750,862,,,,,,
2023-08-06T19:13:57+00:00,230,546,28.18750,895,,,,,,
2023-08-06T19:14:16+00:00,231,546,28.25000,831,,,,,,
2023-08-06T19:14:41+00:00,232,217,28.25000,848,,,,,,
2023-08-06T19:15:01+00:00,233,218,28.18750,912,,,,,,
2023-08-06T19:16:26+00:00,234,221,28.31250,889,,,,,,
2023-08-06T19:16:44+00:00,235,218,28.25000,900,,,,,,
2023-08-06T19:17:03+00:00,236,216,28.25000,845,,,,,,
2023-08-06T19:17:22+00:00,237,219,28.25000,853,,,,,,
2023-08-06T19:17:40+00:00,238,221,28.25000,856,,,,,,
2023-08-06T19:18:01+00:00,239,218,28.25000,862,,,,,,
2023-08-06T19:18:32+00:00,240,544,28.31250,860,,,,,,
2023-08-06T19:18:49+00:00,241,544,28.25000,835,,,,,,
2023-08-06T19:19:04+00:00,242,542,28.31250,869,,,,,,
2023-08-06T19:19:25+00:00,243,543,28.31250,880,,,,,,
2023-08-06T19:19:44+00:00,244,544,28.31250,858,,,,,,
2023-08-06T19:20:04+00:00,245,549,28.31250,833,,,,,,
2023-08-06T19:20:24+00:00,246,542,28.31250,821,,,,,,
2023-08-06T19:20:40+00:00,247,542,28.31250,853,,,,,,
2023-08-06T19:20:55+00:00,248,544,28.25000,829,,,,,,
2023-08-06T19:21:11+00:00,249,546,28.31250,1274,,,,,,
2023-08-06T19:21:27+00:00,250,547,28.25000,906,,,,,,
2023-08-06T19:21:43+00:00,251,543,28.31250,912,,,,,,
2023-08-06T19:21:59+00:00,252,544,28.31250,883,,,,,,
2023-08-06T19:22:14+00:00,253,544,28.31250,918,,,,,,
2023-08-06T19:22:34+00:00,254,543,28.31250,855,,,,,,
2023-08-06T19:22:50+00:00,255,546,28.37500,877,,,,,,
2023-08-06T19:23:07+00:00,256,547,28.31250,880,,,,,,
2023-08-06T19:23:38+00:00,257,543,28.31250,929,,,,,,
2023-08-06T19:24:18+00:00,258,543,28.37500,894,,,,,,
2023-08-06T19:24:35+00:00,259,543,28.31250,891,,,,,,
2023-08-06T19:24:51+00:00,260,543,28.37500,857,,,,,,
2023-08-06T19:25:09+00:00,261,542,28.37500,867,,,,,,
2023-08-06T19:25:30+00:00,262,543,28.43750,866,,,,,,
2023-08-06T19:25:49+00:00,263,543,28.37500,849,,,,,,
2023-08-06T19:26:12+00:00,264,540,28.37500,883,,,,,,
2023-08-06T19:26:33+00:00,265,543,28.43750,882,,,,,,
2023-08-06T19:26:49+00:00,266,543,28.43750,863,,,,,,
2023-08-06T19:27:07+00:00,267,540,28.43750,826,,,,,,
2023-08-06T19:27:23+00:00,268,543,28.43750,869,,,,,,
2023-08-06T19:27:43+00:00,269,535,28.37500,862,,,,,,
2023-08-06T19:27:58+00:00,270,545,28.43750,893,,,,,,
2023-08-06T19:28:18+00:00,271,539,28.43750,879,,,,,,
2023-08-06T19:28:38+00:00,272,542,28.43750,897,,,,,,
2023-08-06T19:29:03+00:00,273,216,28.43750,859,,,,,,
2023-08-06T19:29:20+00:00,274,216,28.43750,852,,,,,,
2023-08-06T19:29:40+00:00,275,217,28.43750,848,,,,,,
2023-08-06T19:30:00+00:00,276,215,28.50000,892,,,,,,
2023-08-06T19:30:16+00:00,277,216,28.50000,845,,,,,,
2023-08-06T19:30:32+00:00,278,215,28.50000,911,,,,,,
2023-08-06T19:30:53+00:00,279,215,28.50000,848,,,,,,
2023-08-06T19:31:13+00:00,280,215,28.50000,859,,,,,,
2023-08-06T19:31:28+00:00,281,168,29.25000,898,,,,,,
2023-08-06T19:31:53+00:00,282,181,32.06250,826,,,,,,
2023-08-06T19:32:16+00:00,283,204,32.62500,853,,,,,,
2023-08-06T19:32:42+00:00,284,531,32.06250,848,,,,,,
2023-08-06T19:33:04+00:00,285,535,31.62500,878,,,,,,
2023-08-06T19:33:24+00:00,286,539,31.18750,865,,,,,,
2023-08-06T19:33:40+00:00,287,528,27.75000,850,,,,,,
2023-08-06T19:33:55+00:00,288,512,27.06250,865,,,,,,
2023-08-06T19:34:10+00:00,289,520,26.93750,865,,,,,,
2023-08-06T19:34:27+00:00,290,521,26.87500,848,,,,,,
2023-08-06T19:34:42+00:00,291,532,26.75000,864,,,,,,
2023-08-06T19:35:02+00:00,292,1000,26.68750,865,,,,,,
2023-08-06T19:35:17+00:00,293,869,26.62500,843,,,,,,
2023-08-06T19:35:38+00:00,294,380,26.56250,874,,,,,,
2023-08-06T19:35:55+00:00,295,396,26.50000,894,,,,,,
2023-08-06T19:36:10+00:00,296,418,26.50000,821,,,,,,
2023-08-06T19:36:30+00:00,297,462,26.50000,869,,,,,,
2023-08-06T19:36:46+00:00,298,496,26.50000,882,,,,,,
2023-08-06T19:37:03+00:00,299,508,26.50000,906,,,,,,
2023-08-06T19:37:19+00:00,300,518,26.50000,870,,,,,,
2023-08-06T19:37:48+00:00,301,527,26.43750,924,,,,,,
2023-08-06T19:38:13+00:00,302,532,26.43750,842,,,,,,
2023-08-06T19:38:32+00:00,303,533,26.43750,880,,,,,,
2023-08-06T19:38:47+00:00,304,536,26.43750,3246,,,,,,
2023-08-06T19:39:03+00:00,305,536,26.43750,882,,,,,,
2023-08-06T19:39:19+00:00,306,535,26.37500,875,,,,,,
2023-08-06T19:39:34+00:00,307,535,26.43750,871,,,,,,
2023-08-06T19:39:50+00:00,308,535,26.43750,883,,,,,,
2023-08-06T19:40:06+00:00,309,532,26.43750,873,,,,,,
2023-08-06T19:40:26+00:00,310,536,26.43750,846,,,,,,
2023-08-06T19:40:46+00:00,311,535,26.43750,833,,,,,,
2023-08-06T19:41:06+00:00,312,532,26.37500,845,,,,,,
2023-08-06T19:41:26+00:00,313,535,26.43750,839,,,,,,
2023-08-06T19:41:42+00:00,314,538,26.43750,816,,,,,,
2023-08-06T19:41:59+00:00,315,536,26.43750,885,,,,,,
2023-08-06T19:42:16+00:00,316,535,26.43750,830,,,,,,
2023-08-06T19:45:01+00:00,317,532,26.50000,843,,,,,,
2023-08-06T19:45:17+00:00,318,532,26.50000,885,,,,,,
2023-08-06T19:45:32+00:00,319,535,26.56250,874,,,,,,
2023-08-06T19:45:48+00:00,320,533,26.50000,889,,,,,,
2023-08-06T19:46:04+00:00,321,535,26.56250,848,,,,,,
2023-08-06T19:46:21+00:00,322,536,26.56250,864,,,,,,
2023-08-06T19:46:36+00:00,323,531,26.50000,816,,,,,,
2023-08-06T19:46:51+00:00,324,529,26.56250,859,,,,,,
2023-08-06T19:47:07+00:00,325,531,26.56250,830,,,,,,
2023-08-06T19:47:22+00:00,326,535,26.62500,813,,,,,,
2023-08-06T19:47:38+00:00,327,527,26.56250,809,,,,,,
2023-08-06T19:48:01+00:00,328,535,26.56250,850,,,,,,
2023-08-06T19:50:05+00:00,329,527,26.62500,858,,,,,,
2023-08-06T19:50:22+00:00,330,530,26.62500,849,,,,,,
2023-08-06T19:50:37+00:00,331,534,26.68750,879,,,,,,
2023-08-06T19:50:53+00:00,332,532,26.62500,885,,,,,,
2023-08-06T19:51:10+00:00,333,516,26.68750,895,,,,,,
2023-08-06T19:51:26+00:00,334,529,26.62500,841,,,,,,
2023-08-06T19:51:41+00:00,335,534,26.62500,874,,,,,,
2023-08-06T19:51:58+00:00,336,534,26.62500,858,,,,,,
2023-08-06T19:52:13+00:00,337,533,26.62500,868,,,,,,
2023-08-06T19:52:28+00:00,338,529,26.62500,833,,,,,,
2023-08-06T19:52:44+00:00,339,531,26.62500,849,,,,,,
2023-08-06T19:53:01+00:00,340,532,26.62500,866,,,,,,
2023-08-06T19:53:18+00:00,341,531,26.56250,854,,,,,,
2023-08-06T19:53:34+00:00,342,532,26.62500,847,,,,,,
2023-08-06T19:53:50+00:00,343,527,26.62500,821,,,,,,
2023-08-06T19:54:07+00:00,344,531,26.62500,848,,,,,,
2023-08-06T19:54:24+00:00,345,536,26.56250,798,,,,,,
2023-08-06T19:54:39+00:00,346,529,26.62500,857,,,,,,
2023-08-06T19:54:57+00:00,347,491,26.56250,848,,,,,,
2023-08-06T19:55:14+00:00,348,528,26.62500,785,,,,,,
2023-08-06T19:55:30+00:00,349,530,26.62500,783,,,,,,
2023-08-06T19:55:48+00:00,350,528,26.62500,838,,,,,,
2023-08-06T19:56:06+00:00,351,527,26.68750,783,,,,,,
2023-08-06T19:56:22+00:00,352,531,26.62500,855,,,,,,
2023-08-06T19:56:39+00:00,353,533,26.62500,867,,,,,,
2023-08-06T19:56:55+00:00,354,529,26.62500,862,,,,,,
2023-08-06T19:57:12+00:00,355,532,26.62500,857,,,,,,
2023-08-06T19:57:27+00:00,356,532,26.68750,848,,,,,,
2023-08-06T19:57:43+00:00,357,531,26.62500,860,,,,,,
2023-08-06T19:57:58+00:00,358,525,26.68750,819,,,,,,
2023-08-06T19:58:17+00:00,359,520,26.62500,848,,,,,,
2023-08-06T19:58:34+00:00,360,527,26.62500,878,,,,,,
2023-08-06T19:58:51+00:00,361,529,26.62500,846,,,,,,
2023-08-06T19:59:07+00:00,362,528,26.62500,2460,,,,,,
2023-08-06T19:59:27+00:00,363,531,26.62500,2476,,,,,,
2023-08-06T19:59:47+00:00,364,534,26.62500,2375,,,,,,
2023-08-06T20:00:04+00:00,365,533,26.62500,2326,,,,,,
2023-08-06T20:00:22+00:00,366,527,26.62500,817,,,,,,
2023-08-06T20:00:41+00:00,367,527,26.62500,848,,,,,,
2023-08-06T20:01:01+00:00,368,531,26.62500,793,,,,,,
2023-08-06T20:01:18+00:00,369,533,26.62500,848,,,,,,
2023-08-06T20:01:34+00:00,370,535,26.68750,789,,,,,,
2023-08-06T20:01:49+00:00,371,534,26.62500,807,,,,,,
2023-08-06T20:02:05+00:00,372,527,26.56250,841,,,,,,
2023-08-06T20:02:21+00:00,373,521,26.68750,843,,,,,,
2023-08-06T20:02:37+00:00,374,532,26.62500,844,,,,,,
2023-08-06T20:02:52+00:00,375,535,26.68750,849,,,,,,
2023-08-06T20:03:10+00:00,376,527,26.62500,839,,,,,,
2023-08-06T20:03:25+00:00,377,527,26.68750,864,,,,,,
2023-08-06T20:03:41+00:00,378,529,26.62500,802,,,,,,
2023-08-06T20:03:56+00:00,379,527,26.68750,850,,,,,,
2023-08-06T20:04:13+00:00,380,530,26.62500,828,,,,,,
2023-08-06T20:04:28+00:00,381,528,26.62500,818,,,,,,
2023-08-06T20:04:48+00:00,382,529,26.62500,848,,,,,,
2023-08-06T20:05:08+00:00,383,530,26.62500,841,,,,,,
2023-08-06T20:08:16+00:00,384,526,26.68750,857,,,,,,
2023-08-06T20:08:35+00:00,385,528,26.62500,834,,,,,,
2023-08-06T20:08:51+00:00,386,521,26.62500,822,,,,,,
2023-08-06T20:09:11+00:00,387,528,26.62500,816,,,,,,
2023-08-06T20:09:27+00:00,388,526,26.62500,831,,,,,,
2023-08-06T20:09:44+00:00,389,527,26.68750,786,,,,,,
2023-08-06T20:10:00+00:00,390,528,26.62500,832,,,,,,
2023-08-06T20:10:18+00:00,391,531,26.62500,791,,,,,,
2023-08-06T20:10:38+00:00,392,525,26.62500,832,,,,,,
2023-08-06T20:10:55+00:00,393,527,26.62500,830,,,,,,
2023-08-06T20:11:11+00:00,394,531,26.62500,799,,,,,,
2023-08-06T20:12:41+00:00,395,514,26.62500,844,,,,,,
2023-08-06T20:13:00+00:00,396,531,26.62500,784,,,,,,
2023-08-06T20:13:20+00:00,397,526,26.62500,779,,,,,,
2023-08-06T20:13:42+00:00,398,528,26.62500,802,,,,,,
2023-08-06T20:13:59+00:00,399,532,26.56250,830,,,,,,
2023-08-06T20:14:19+00:00,400,522,26.62500,839,,,,,,
2023-08-06T20:14:40+00:00,401,531,26.56250,836,,,,,,
2023-08-06T20:14:56+00:00,402,524,26.62500,785,,,,,,
2023-08-06T20:15:15+00:00,403,527,26.62500,804,,,,,,
2023-08-06T20:15:31+00:00,404,527,26.62500,816,,,,,,
2023-08-06T20:15:47+00:00,405,531,26.62500,783,,,,,,
2023-08-06T20:16:02+00:00,406,535,26.62500,798,,,,,,
2023-08-06T20:17:22+00:00,407,527,26.56250,802,,,,,,
2023-08-06T20:17:39+00:00,408,527,26.62500,822,,,,,,
2023-08-06T20:18:00+00:00,409,529,26.62500,833,,,,,,
2023-08-06T20:18:20+00:00,410,530,26.62500,797,,,,,,
2023-08-06T20:18:37+00:00,411,529,26.62500,816,,,,,,
2023-08-06T20:18:54+00:00,412,531,26.62500,823,,,,,,
2023-08-06T20:19:12+00:00,413,531,26.62500,807,,,,,,
2023-08-06T20:19:30+00:00,414,528,26.62500,795,,,,,,
2023-08-06T20:19:49+00:00,415,525,26.62500,805,,,,,,
2023-08-06T20:20:05+00:00,416,523,26.56250,833,,,,,,
2023-08-06T20:20:22+00:00,417,527,26.62500,826,,,,,,
2023-08-06T20:20:43+00:00,418,527,26.56250,786,,,,,,
2023-08-06T20:21:00+00:00,419,527,26.62500,811,,,,,,
2023-08-06T20:21:16+00:00,420,526,26.56250,839,,,,,,
2023-08-06T20:21:32+00:00,421,528,26.62500,823,,,,,,
2023-08-06T20:21:47+00:00,422,527,26.62500,832,,,,,,
2023-08-06T20:22:02+00:00,423,524,26.56250,806,,,,,,
2023-08-06T20:22:19+00:00,424,527,26.62500,828,,,,,,
2023-08-06T20:22:39+00:00,425,529,26.56250,789,,,,,,
2023-08-06T20:22:54+00:00,426,528,26.56250,834,,,,,,
2023-08-06T20:23:32+00:00,427,524,26.56250,799,,,,,,
2023-08-06T20:23:48+00:00,428,530,26.56250,816,,,,,,
2023-08-06T20:24:03+00:00,429,527,26.50000,833,,,,,,
2023-08-06T20:24:24+00:00,430,523,26.56250,815,,,,,,
2023-08-06T20:24:41+00:00,431,523,26.56250,784,,,,,,
2023-08-06T20:24:58+00:00,432,526,26.56250,797,,,,,,
2023-08-06T20:25:15+00:00,433,524,26.50000,795,,,,,,
2023-08-06T20:25:34+00:00,434,524,26.56250,820,,,,,,
2023-08-06T20:25:51+00:00,435,525,26.56250,852,,,,,,
2023-08-06T20:26:09+00:00,436,529,26.50000,815,,,,,,
2023-08-06T20:26:28+00:00,437,531,26.56250,839,,,,,,
2023-08-06T20:26:44+00:00,438,531,26.56250,800,,,,,,
2023-08-06T20:27:04+00:00,439,529,26.56250,829,,,,,,
2023-08-06T20:27:21+00:00,440,524,26.50000,823,,,,,,
2023-08-06T20:27:37+00:00,441,525,26.56250,816,,,,,,
2023-08-06T20:27:54+00:00,442,527,26.56250,851,,,,,,
2023-08-06T20:28:10+00:00,443,529,26.50000,784,,,,,,
2023-08-06T20:28:28+00:00,444,527,26.56250,829,,,,,,
2023-08-06T20:28:44+00:00,445,526,26.56250,829,,,,,,
2023-08-06T20:28:59+00:00,446,527,26.56250,834,,,,,,
2023-08-06T20:29:14+00:00,447,527,26.56250,783,,,,,,
2023-08-06T20:30:15+00:00,448,514,26.56250,811,,,,,,
2023-08-06T20:30:30+00:00,449,524,26.50000,827,,,,,,
2023-08-06T20:30:49+00:00,450,526,26.50000,825,,,,,,
2023-08-06T20:31:10+00:00,451,525,26.43750,835,,,,,,
2023-08-06T20:31:28+00:00,452,525,26.50000,826,,,,,,
2023-08-06T20:31:44+00:00,453,530,26.50000,851,,,,,,
2023-08-06T20:32:03+00:00,454,522,26.50000,800,,,,,,
2023-08-06T20:32:24+00:00,455,524,26.50000,815,,,,,,
2023-08-06T20:32:40+00:00,456,528,26.50000,844,,,,,,
2023-08-06T20:32:55+00:00,457,526,26.56250,820,,,,,,
2023-08-06T20:33:11+00:00,458,529,26.56250,822,,,,,,
2023-08-06T20:33:26+00:00,459,525,26.50000,829,,,,,,
2023-08-06T20:33:41+00:00,460,524,26.50000,810,,,,,,
2023-08-06T20:33:58+00:00,461,528,26.50000,821,,,,,,
2023-08-06T20:34:18+00:00,462,529,26.50000,829,,,,,,
2023-08-06T20:34:35+00:00,463,530,26.50000,784,,,,,,
2023-08-06T20:34:51+00:00,464,529,26.50000,794,,,,,,
2023-08-06T20:35:06+00:00,465,525,26.50000,832,,,,,,
2023-08-06T20:35:23+00:00,466,526,26.56250,798,,,,,,
2023-08-06T20:35:39+00:00,467,533,26.56250,783,,,,,,
2023-08-06T20:35:56+00:00,468,530,26.50000,826,,,,,,
2023-08-06T20:36:13+00:00,469,527,26.50000,806,,,,,,
2023-08-06T20:36:29+00:00,470,527,26.50000,848,,,,,,
2023-08-06T20:36:45+00:00,471,527,26.50000,817,,,,,,
2023-08-07T02:49:16+00:00,472,1000,25.93750,1434,,,,,,
2023-08-07T02:49:38+00:00,473,1000,25.93750,3746,,,,,,
2023-08-07T02:49:57+00:00,474,1000,25.93750,1435,,,,,,
2023-08-07T02:50:17+00:00,475,1000,25.87500,1446,,,,,,
2023-08-07T02:50:36+00:00,476,1000,25.93750,1455,,,,,,
2023-08-07T02:50:56+00:00,477,1000,25.93750,1466,,,,,,
2023-08-07T02:51:16+00:00,478,1000,25.93750,1437,,,,,,
2023-08-07T02:51:36+00:00,479,1000,26.00000,1408,,,,,,
2023-08-07T02:51:55+00:00,480,1000,26.00000,1423,,,,,,
2023-08-07T02:52:16+00:00,481,1000,25.93750,1420,,,,,,
2023-08-07T02:52:37+00:00,482,1000,26.00000,1424,,,,,,
2023-08-07T02:52:56+00:00,483,1000,26.00000,1343,,,,,,
2023-08-07T02:53:16+00:00,484,448,25.93750,1437,,,,,,
2023-08-07T02:53:36+00:00,485,422,26.00000,1419,,,,,,
2023-08-07T02:53:55+00:00,486,434,26.00000,1435,,,,,,
2023-08-07T02:54:15+00:00,487,461,26.00000,1374,,,,,,
2023-08-07T02:54:35+00:00,488,475,26.00000,1421,,,,,,
2023-08-07T02:54:54+00:00,489,488,26.00000,1423,,,,,,
2023-08-07T02:55:13+00:00,490,498,26.00000,1425,,,,,,
2023-08-07T02:55:29+00:00,491,505,26.00000,1426,,,,,,
2023-08-07T02:55:48+00:00,492,512,26.00000,1424,,,,,,
2023-08-07T02:56:07+00:00,493,520,26.00000,1408,,,,,,
2023-08-07T02:56:22+00:00,494,525,25.93750,1419,,,,,,
2023-08-07T02:56:42+00:00,495,521,26.00000,1434,,,,,,
2023-08-07T02:57:00+00:00,496,528,25.93750,1402,,,,,,
2023-08-07T02:57:21+00:00,497,534,25.93750,1438,,,,,,
2023-08-07T02:59:28+00:00,498,483,25.87500,1418,,,,,,
2023-08-07T02:59:44+00:00,499,440,25.87500,1441,,,,,,
2023-08-07T03:00:04+00:00,500,436,25.87500,1424,,,,,,
2023-08-07T03:00:24+00:00,501,455,25.87500,1427,,,,,,
2023-08-07T03:00:44+00:00,502,493,25.87500,1442,,,,,,
2023-08-07T03:01:03+00:00,503,525,25.93750,1424,,,,,,
2023-08-07T03:01:23+00:00,504,510,25.93750,1424,,,,,,
2023-08-07T03:01:38+00:00,505,531,25.87500,1422,,,,,,
2023-08-07T03:01:58+00:00,506,534,25.87500,1420,,,,,,
2023-08-07T03:02:19+00:00,507,535,25.93750,1437,,,,,,
2023-08-07T03:02:36+00:00,508,538,25.87500,1410,,,,,,
2023-08-07T03:02:56+00:00,509,539,25.93750,1408,,,,,,
2023-08-07T03:16:08+00:00,510,478,25.93750,1399,,,,,,
2023-08-07T03:16:25+00:00,511,428,25.93750,1387,,,,,,
2023-08-07T03:16:45+00:00,512,423,25.93750,1376,,,,,,
2023-08-07T03:17:11+00:00,513,171,25.93750,1366,,,,,,
2023-08-07T03:17:27+00:00,514,173,25.93750,1430,,,,,,
2023-08-07T03:17:47+00:00,515,178,25.93750,1414,,,,,,
2023-08-07T03:18:06+00:00,516,188,26.00000,1407,,,,,,
2023-08-07T03:18:27+00:00,517,203,25.93750,1415,,,,,,
2023-08-07T03:18:46+00:00,518,208,25.93750,1398,,,,,,
2023-08-07T03:19:02+00:00,519,209,26.00000,1397,,,,,,
2023-08-07T03:19:21+00:00,520,212,25.93750,1419,,,,,,
2023-08-07T03:19:36+00:00,521,213,26.00000,1397,,,,,,
2023-08-07T03:19:56+00:00,522,215,25.93750,1201,,,,,,
2023-08-07T03:20:13+00:00,523,215,25.93750,1395,,,,,,
2023-08-07T03:20:38+00:00,524,531,25.93750,1403,,,,,,
2023-08-07T03:20:55+00:00,525,542,25.93750,1399,,,,,,
2023-08-07T03:21:15+00:00,526,544,25.93750,1405,,,,,,
2023-08-07T03:21:35+00:00,527,544,26.00000,1395,,,,,,
2023-08-07T03:21:50+00:00,528,543,25.93750,1376,,,,,,
2023-08-07T03:22:09+00:00,529,541,26.00000,1389,,,,,,
2023-08-07T03:22:29+00:00,530,538,25.93750,1383,,,,,,
2023-08-07T03:22:58+00:00,531,536,25.93750,1409,,,,,,
2023-08-07T03:23:13+00:00,532,538,25.93750,1405,,,,,,
2023-08-07T03:23:33+00:00,533,547,25.93750,1412,,,,,,
2023-08-07T03:23:49+00:00,534,551,25.93750,1398,,,,,,
2023-08-07T03:24:04+00:00,535,543,25.93750,1405,,,,,,
2023-08-07T03:24:24+00:00,536,541,26.00000,1437,,,,,,
2023-08-07T03:24:44+00:00,537,539,25.87500,1403,,,,,,
2023-08-07T03:25:03+00:00,538,537,25.87500,1392,,,,,,
2023-08-07T03:25:19+00:00,539,542,25.87500,1415,,,,,,
2023-08-07T03:25:38+00:00,540,539,25.93750,1413,,,,,,
2023-08-07T03:25:54+00:00,541,540,25.93750,1392,,,,,,
2023-08-07T03:26:11+00:00,542,540,25.87500,1453,,,,,,
2023-08-07T03:26:30+00:00,543,536,25.87500,1418,,,,,,
2023-08-07T03:26:50+00:00,544,540,25.93750,1414,,,,,,
2023-08-07T03:27:05+00:00,545,541,25.87500,1454,,,,,,
2023-08-07T03:27:22+00:00,546,542,25.87500,1410,,,,,,
2023-08-07T03:27:42+00:00,547,538,25.93750,1389,,,,,,
2023-08-07T03:28:02+00:00,548,541,25.87500,1373,,,,,,
2023-08-07T03:28:22+00:00,549,543,25.93750,1456,,,,,,
2023-08-07T03:28:39+00:00,550,543,25.93750,1456,,,,,,
2023-08-07T03:28:56+00:00,551,543,25.87500,1405,,,,,,
2023-08-07T03:29:12+00:00,552,543,25.87500,1397,,,,,,
2023-08-07T03:29:32+00:00,553,541,25.87500,1372,,,,,,
2023-08-07T03:29:51+00:00,554,542,25.93750,1379,,,,,,
2023-08-07T03:30:11+00:00,555,545,25.87500,1382,,,,,,
2023-08-07T03:30:31+00:00,556,545,25.87500,1379,,,,,,
2023-08-07T03:30:47+00:00,557,543,25.93750,1380,,,,,,
2023-08-07T03:31:03+00:00,558,540,25.87500,1381,,,,,,
2023-08-07T03:31:23+00:00,559,540,25.93750,1392,,,,,,
2023-08-07T03:31:38+00:00,560,543,25.93750,1375,,,,,,
2023-08-07T03:31:55+00:00,561,543,25.87500,1392,,,,,,
2023-08-07T03:32:11+00:00,562,540,25.93750,1375,,,,,,
2023-08-07T03:32:26+00:00,563,537,25.93750,1377,,,,,,
2023-08-07T03:32:46+00:00,564,536,25.93750,1367,,,,,,
2023-08-07T03:33:05+00:00,565,541,25.93750,1392,,,,,,
2023-08-07T03:33:21+00:00,566,544,26.00000,1378,,,,,,
2023-08-07T03:33:41+00:00,567,541,25.93750,1414,,,,,,
2023-08-07T03:34:01+00:00,568,536,25.93750,1392,,,,,,
2023-08-07T03:34:16+00:00,569,536,25.87500,1390,,,,,,
2023-08-07T03:34:36+00:00,570,537,25.93750,1392,,,,,,
2023-08-07T03:34:57+00:00,571,536,25.93750,1393,,,,,,
2023-08-07T03:35:13+00:00,572,538,25.87500,1397,,,,,,
2023-08-07T03:35:28+00:00,573,544,25.87500,1424,,,,,,
2023-08-07T03:35:49+00:00,574,539,25.93750,1394,,,,,,
2023-08-07T03:36:05+00:00,575,533,25.87500,1401,,,,,,
2023-08-07T03:36:25+00:00,576,534,25.93750,1401,,,,,,
2023-08-07T03:36:45+00:00,577,535,25.87500,1435,,,,,,
2023-08-07T03:37:05+00:00,578,532,25.93750,1424,,,,,,
2023-08-07T03:37:25+00:00,579,538,25.93750,1414,,,,,,
2023-08-07T03:37:45+00:00,580,545,25.93750,1409,,,,,,
2023-08-07T03:38:01+00:00,581,548,25.93750,1413,,,,,,
2023-08-07T03:38:17+00:00,582,542,25.93750,1415,,,,,,
2023-08-07T03:38:37+00:00,583,535,25.87500,1419,,,,,,
2023-08-07T03:38:52+00:00,584,539,25.93750,1406,,,,,,
2023-08-07T03:39:07+00:00,585,543,25.87500,1424,,,,,,
2023-08-07T03:39:22+00:00,586,540,25.93750,1403,,,,,,
2023-08-07T03:39:42+00:00,587,537,25.87500,1413,,,,,,
2023-08-07T03:40:01+00:00,588,543,25.87500,1407,,,,,,
2023-08-07T03:40:21+00:00,589,540,25.87500,1411,,,,,,
2023-08-07T03:40:37+00:00,590,541,25.87500,1392,,,,,,
2023-08-07T03:40:56+00:00,591,537,25.87500,1395,,,,,,
2023-08-07T03:41:12+00:00,592,538,25.87500,1391,,,,,,
2023-08-07T03:41:28+00:00,593,536,25.87500,1391,,,,,,
2023-08-07T03:41:48+00:00,594,532,25.87500,1391,,,,,,
2023-08-07T03:42:07+00:00,595,534,25.87500,1424,,,,,,
2023-08-07T03:42:27+00:00,596,537,25.93750,1404,,,,,,
2023-08-07T03:42:47+00:00,597,543,25.87500,1373,,,,,,
2023-08-07T03:43:02+00:00,598,535,25.87500,1377,,,,,,
2023-08-07T03:43:17+00:00,599,543,25.87500,1392,,,,,,
2023-08-07T03:43:33+00:00,600,535,25.87500,1392,,,,,,
2023-08-07T03:43:49+00:00,601,544,25.87500,1382,,,,,,
2023-08-07T03:44:05+00:00,602,543,25.93750,1387,,,,,,
2023-08-07T03:44:21+00:00,603,545,25.87500,1392,,,,,,
2023-08-07T03:44:40+00:00,604,543,25.93750,1375,,,,,,
2023-08-07T03:45:00+00:00,605,536,25.87500,1379,,,,,,
2023-08-07T03:45:15+00:00,606,533,25.87500,1408,,,,,,
2023-08-07T03:45:31+00:00,607,538,25.87500,1405,,,,,,
2023-08-07T03:45:46+00:00,608,544,25.87500,1412,,,,,,
2023-08-07T03:46:05+00:00,609,537,25.87500,1402,,,,,,
2023-08-07T03:46:39+00:00,610,538,25.87500,1407,,,,,,
2023-08-07T03:46:58+00:00,611,537,25.87500,1417,,,,,,
2023-08-07T03:47:18+00:00,612,539,25.87500,1408,,,,,,
2023-08-07T03:47:33+00:00,613,538,25.93750,1412,,,,,,
2023-08-07T03:47:49+00:00,614,542,25.87500,1414,,,,,,
2023-08-07T03:48:04+00:00,615,543,25.87500,1418,,,,,,
2023-08-07T03:48:19+00:00,616,542,25.87500,1412,,,,,,
2023-08-07T03:48:39+00:00,617,537,25.93750,1422,,,,,,
2023-08-07T03:48:58+00:00,618,538,25.87500,1410,,,,,,
2023-08-07T03:49:18+00:00,619,539,25.93750,1403,,,,,,
2023-08-07T03:49:34+00:00,620,540,25.87500,1403,,,,,,
2023-08-07T03:49:50+00:00,621,538,25.87500,1408,,,,,,
2023-08-07T03:50:09+00:00,622,538,25.93750,1408,,,,,,
2023-08-07T03:50:29+00:00,623,535,25.87500,1408,,,,,,
2023-08-07T03:50:44+00:00,624,534,25.87500,1401,,,,,,
2023-08-07T03:51:04+00:00,625,540,25.93750,1377,,,,,,
2023-08-07T03:51:19+00:00,626,543,25.93750,1371,,,,,,
2023-08-07T03:51:35+00:00,627,540,25.87500,1359,,,,,,
2023-08-07T03:51:50+00:00,628,535,25.87500,1393,,,,,,
2023-08-07T03:52:12+00:00,629,539,25.87500,1405,,,,,,
2023-08-07T03:52:27+00:00,630,541,25.87500,1391,,,,,,
2023-08-07T03:52:45+00:00,631,539,25.87500,1397,,,,,,
2023-08-07T03:53:05+00:00,632,543,25.87500,1399,,,,,,
2023-08-07T03:53:20+00:00,633,542,25.87500,1365,,,,,,
2023-08-07T03:53:40+00:00,634,536,25.87500,1363,,,,,,
2023-08-07T03:54:00+00:00,635,535,25.93750,1357,,,,,,
2023-08-07T03:54:20+00:00,636,531,25.93750,1377,,,,,,
2023-08-07T03:54:35+00:00,637,536,25.93750,1424,,,,,,
2023-08-07T03:54:52+00:00,638,537,25.93750,1421,,,,,,
2023-08-07T03:55:09+00:00,639,534,25.93750,1383,,,,,,
2023-08-07T03:55:26+00:00,640,536,25.93750,1407,,,,,,
2023-08-07T03:55:42+00:00,641,535,25.93750,1366,,,,,,
2023-08-07T03:55:59+00:00,642,539,25.93750,1386,,,,,,
2023-08-07T03:56:15+00:00,643,541,25.93750,1380,,,,,,
2023-08-07T03:56:30+00:00,644,542,25.93750,1403,,,,,,
2023-08-07T03:56:50+00:00,645,536,25.93750,1371,,,,,,
2023-08-07T03:57:06+00:00,646,523,25.93750,1380,,,,,,
2023-08-07T03:57:27+00:00,647,532,26.00000,1395,,,,,,
2023-08-07T03:57:47+00:00,648,526,25.93750,1376,,,,,,
2023-08-07T03:58:07+00:00,649,538,26.00000,1363,,,,,,
2023-08-07T03:58:22+00:00,650,543,26.00000,1377,,,,,,
2023-08-07T03:58:49+00:00,651,544,25.93750,1377,1,,,,,
2023-08-07T03:59:06+00:00,652,542,25.93750,1380,4,,,,,
2023-08-07T03:59:23+00:00,653,530,25.93750,1393,7,,,,,
2023-08-07T03:59:39+00:00,654,532,26.00000,1387,10,,,,,
2023-08-07T03:59:56+00:00,655,534,25.93750,1397,13,,,,,
2023-08-07T04:00:15+00:00,656,540,25.93750,1392,16,,,,,
2023-08-07T04:00:31+00:00,657,543,25.93750,1415,19,,,,,
2023-08-07T04:00:47+00:00,658,544,26.00000,1395,22,,,,,
2023-08-07T04:01:04+00:00,659,541,26.00000,1395,25,,,,,
2023-08-07T04:01:22+00:00,660,534,26.00000,1374,28,,,,,
2023-08-07T04:01:38+00:00,661,539,26.00000,1393,31,,,,,
2023-08-07T04:01:56+00:00,662,534,26.00000,1394,34,,,,,
2023-08-07T04:02:12+00:00,663,538,26.00000,1363,37,,,,,
2023-08-07T04:02:28+00:00,664,536,26.00000,1393,40,,,,,
2023-08-07T04:02:45+00:00,665,543,25.93750,1392,43,,,,,
2023-08-07T04:03:01+00:00,666,535,25.93750,1413,46,,,,,
2023-08-07T04:03:18+00:00,667,531,26.00000,1392,49,,,,,
2023-08-07T04:03:34+00:00,668,539,26.00000,1392,52,,,,,
2023-08-07T04:03:50+00:00,669,539,26.00000,1387,55,,,,,
2023-08-07T04:04:07+00:00,670,535,25.93750,1399,58,,,,,
2023-08-07T04:04:25+00:00,671,532,25.93750,1391,61,,,,,
2023-08-07T04:04:41+00:00,672,537,26.00000,1402,64,,,,,
2023-08-07T04:04:59+00:00,673,539,26.00000,1392,67,,,,,
2023-08-07T04:05:15+00:00,674,533,25.93750,1394,70,,,,,
2023-08-07T04:05:31+00:00,675,556,26.00000,1391,73,,,,,
2023-08-07T04:05:48+00:00,676,534,26.00000,1392,76,,,,,
2023-08-07T04:06:04+00:00,677,539,25.93750,1396,79,,,,,
2023-08-07T04:06:21+00:00,678,540,26.00000,1414,82,,,,,
2023-08-07T04:06:37+00:00,679,536,26.00000,1394,85,,,,,
2023-08-07T04:06:53+00:00,680,523,26.00000,1397,88,,,,,
2023-08-07T04:07:09+00:00,681,536,26.00000,1398,91,,,,,
2023-08-07T04:07:27+00:00,682,520,26.00000,1399,94,,,,,
2023-08-07T04:07:44+00:00,683,532,26.00000,1394,97,,,,,
2023-08-07T04:08:01+00:00,684,535,25.93750,1402,100,,,,,
2023-08-07T04:08:17+00:00,685,543,25.93750,1401,103,,,,,
2023-08-07T04:08:34+00:00,686,536,25.93750,1393,106,,,,,
2023-08-07T04:08:51+00:00,687,532,25.93750,1402,109,,,,,
2023-08-07T04:09:07+00:00,688,535,26.00000,1398,112,,,,,
2023-08-07T04:09:23+00:00,689,535,26.00000,1406,115,,,,,
2023-08-07T04:09:39+00:00,690,535,25.93750,1392,118,,,,,
2023-08-07T04:09:56+00:00,691,532,25.93750,1392,121,,,,,
2023-08-07T04:10:13+00:00,692,526,26.00000,1385,124,,,,,
2023-08-07T04:10:30+00:00,693,527,26.00000,1399,127,,,,,
2023-08-07T04:10:47+00:00,694,532,26.00000,1392,130,,,,,
2023-08-07T04:11:05+00:00,695,536,26.00000,1406,133,,,,,
2023-08-07T04:11:21+00:00,696,542,26.00000,1390,136,,,,,
2023-08-07T04:11:38+00:00,697,539,26.00000,1417,139,,,,,
2023-08-07T04:11:55+00:00,698,534,25.93750,1374,142,,,,,
2023-08-07T04:12:11+00:00,699,539,26.00000,1394,145,,,,,
2023-08-07T04:12:27+00:00,700,535,26.00000,1374,148,,,,,
2023-08-07T04:12:43+00:00,701,537,26.00000,1399,151,,,,,
2023-08-07T04:12:59+00:00,702,546,26.00000,1404,154,,,,,
2023-08-07T04:13:16+00:00,703,540,26.00000,1395,157,,,,,
2023-08-07T04:13:34+00:00,704,538,26.00000,1413,160,,,,,
2023-08-07T04:13:50+00:00,705,536,25.93750,1395,163,,,,,
2023-08-07T04:14:08+00:00,706,538,25.93750,1400,166,,,,,
2023-08-07T04:14:25+00:00,707,543,25.93750,1407,169,,,,,
2023-08-07T04:14:41+00:00,708,537,26.00000,1391,172,,,,,
2023-08-07T04:14:57+00:00,709,537,25.93750,1410,175,,,,,
2023-08-07T04:15:14+00:00,710,533,25.93750,1409,178,,,,,
2023-08-07T04:15:30+00:00,711,535,26.00000,1401,181,,,,,
2023-08-07T04:15:46+00:00,712,532,25.93750,1430,184,,,,,
2023-08-07T04:16:03+00:00,713,535,25.93750,1393,187,,,,,
2023-08-07T04:16:19+00:00,714,534,25.93750,1379,190,,,,,
2023-08-07T04:16:37+00:00,715,537,25.93750,1405,193,,,,,
2023-08-07T04:16:54+00:00,716,535,25.93750,1393,196,,,,,
2023-08-07T04:17:11+00:00,717,535,25.93750,1405,199,,,,,
2023-08-07T04:17:28+00:00,718,530,26.00000,1405,202,,,,,
2023-08-07T04:17:44+00:00,719,538,25.93750,1418,205,,,,,
2023-08-07T04:18:01+00:00,720,540,25.93750,1404,208,,,,,
2023-08-07T04:18:18+00:00,721,535,25.93750,1388,211,,,,,
2023-08-07T04:18:35+00:00,722,532,25.87500,1415,214,,,,,
2023-08-07T04:18:52+00:00,723,537,25.93750,1402,217,,,,,
2023-08-07T04:19:08+00:00,724,535,25.87500,1406,220,,,,,
2023-08-07T04:19:25+00:00,725,534,25.87500,1473,223,,,,,
2023-08-07T04:19:43+00:00,726,538,25.87500,1434,226,,,,,
2023-08-07T04:19:59+00:00,727,539,25.93750,1444,229,,,,,
2023-08-07T04:20:17+00:00,728,535,25.93750,1422,232,,,,,
2023-08-07T04:20:54+00:00,729,531,25.87500,1410,235,,,,,
2023-08-07T04:21:15+00:00,730,543,25.87500,1393,238,,,,,
2023-08-07T04:21:35+00:00,731,547,25.87500,1394,241,,,,,
2023-08-07T04:21:52+00:00,732,533,25.81250,1404,244,,,,,
2023-08-07T04:22:10+00:00,733,535,25.87500,1421,247,,,,,
2023-08-07T04:22:31+00:00,734,523,25.87500,1402,250,,,,,
2023-08-07T04:22:51+00:00,735,540,25.81250,1402,253,,,,,
2023-08-07T04:23:11+00:00,736,542,25.87500,1410,256,,,,,
2023-08-07T04:23:26+00:00,737,539,25.87500,1410,259,,,,,
2023-08-07T04:23:43+00:00,738,534,25.87500,1417,262,,,,,
2023-08-07T04:24:00+00:00,739,533,25.81250,1403,265,,,,,
2023-08-07T04:24:17+00:00,740,537,25.81250,1407,268,,,,,
2023-08-07T04:24:35+00:00,741,538,25.87500,1407,271,,,,,
2023-08-07T04:24:52+00:00,742,542,25.81250,1410,274,,,,,
2023-08-07T04:25:09+00:00,743,535,25.87500,1406,277,,,,,
2023-08-07T04:25:24+00:00,744,534,25.87500,1406,280,,,,,
2023-08-07T04:25:42+00:00,745,531,25.81250,1408,283,,,,,
2023-08-07T04:26:24+00:00,746,546,25.81250,1424,287,,,,,
2023-08-07T04:26:40+00:00,747,543,25.75000,1417,288,,,,,
2023-08-07T04:26:58+00:00,748,540,25.87500,1424,291,,,,,
2023-08-07T04:27:18+00:00,749,536,25.81250,1397,294,,,,,
2023-08-07T04:27:37+00:00,750,538,25.81250,1425,297,,,,,
2023-08-07T04:27:53+00:00,751,542,25.81250,1417,300,,,,,
2023-08-07T04:28:10+00:00,752,543,25.87500,1421,303,,,,,
2023-08-07T04:28:27+00:00,753,535,25.87500,1419,306,,,,,
2023-08-07T04:28:44+00:00,754,533,25.81250,1415,309,,,,,
2023-08-07T04:29:01+00:00,755,535,25.87500,1419,312,,,,,
2023-08-07T04:29:20+00:00,756,535,25.87500,1411,315,,,,,
2023-08-07T04:29:36+00:00,757,535,25.81250,1410,318,,,,,
2023-08-07T04:29:54+00:00,758,537,25.81250,1424,321,,,,,
2023-08-07T04:30:10+00:00,759,542,25.81250,1419,324,,,,,
2023-08-07T04:30:27+00:00,760,541,25.81250,1417,327,,,,,
2023-08-07T04:30:43+00:00,761,564,25.87500,1414,330,,,,,
2023-08-07T04:31:00+00:00,762,540,25.81250,1424,333,,,,,
2023-08-07T04:31:16+00:00,763,539,25.81250,1409,336,,,,,
2023-08-07T04:31:34+00:00,764,541,25.81250,1391,339,,,,,
2023-08-07T04:31:50+00:00,765,538,25.81250,1382,342,,,,,
2023-08-07T04:32:07+00:00,766,539,25.81250,1408,345,,,,,
2023-08-07T04:32:25+00:00,767,534,25.81250,1422,348,,,,,
2023-08-07T04:32:44+00:00,768,541,25.75000,1413,351,,,,,
2023-08-07T04:33:01+00:00,769,543,25.81250,1423,354,,,,,
2023-08-07T04:33:19+00:00,770,539,25.81250,1423,357,,,,,
2023-08-07T04:33:36+00:00,771,534,25.81250,1422,360,,,,,
2023-08-07T04:33:53+00:00,772,537,25.81250,1423,363,,,,,
2023-08-07T04:34:11+00:00,773,543,25.87500,1402,366,,,,,
2023-08-07T04:34:28+00:00,774,539,25.81250,1438,369,,,,,
2023-08-07T04:34:48+00:00,775,539,25.81250,1415,372,,,,,
2023-08-07T04:35:05+00:00,776,536,25.81250,1429,375,,,,,
2023-08-07T04:35:24+00:00,777,535,25.81250,1436,378,,,,,
2023-08-07T04:35:41+00:00,778,533,25.81250,1424,381,,,,,
2023-08-07T04:35:59+00:00,779,532,25.81250,1442,384,,,,,
2023-08-07T04:36:16+00:00,780,530,25.81250,1424,387,,,,,
2023-08-07T04:36:33+00:00,781,536,25.81250,1424,390,,,,,
2023-08-07T04:36:52+00:00,782,533,25.87500,1424,393,,,,,
2023-08-07T04:37:09+00:00,783,534,25.87500,1427,396,,,,,
2023-08-07T04:37:26+00:00,784,530,25.81250,1434,399,,,,,
2023-08-07T04:37:45+00:00,785,531,25.87500,1436,402,,,,,
2023-08-07T04:38:03+00:00,786,537,25.81250,1424,405,,,,,
2023-08-07T04:38:21+00:00,787,539,25.81250,1440,408,,,,,
2023-08-07T04:38:39+00:00,788,536,25.87500,1427,411,,,,,
2023-08-07T04:38:56+00:00,789,535,25.81250,1434,414,,,,,
2023-08-07T04:39:13+00:00,790,535,25.87500,1424,417,,,,,
2023-08-07T04:39:30+00:00,791,534,25.81250,1431,420,,,,,
2023-08-07T04:39:47+00:00,792,536,25.81250,1431,423,,,,,
2023-08-07T04:40:05+00:00,793,538,25.81250,1441,426,,,,,
2023-08-07T04:40:22+00:00,794,531,25.81250,1435,429,,,,,
2023-08-07T04:40:39+00:00,795,531,25.81250,1360,432,,,,,
2023-08-07T04:40:57+00:00,796,533,25.81250,1421,435,,,,,
2023-08-07T04:41:14+00:00,797,534,25.87500,1559,438,,,,,
2023-08-07T04:41:32+00:00,798,535,25.81250,1435,441,,,,,
2023-08-07T04:41:50+00:00,799,534,25.87500,1439,444,,,,,
2023-08-07T04:42:08+00:00,800,531,25.81250,1435,447,,,,,
2023-08-07T04:42:27+00:00,801,540,25.81250,1447,450,,,,,
2023-08-07T04:42:43+00:00,802,534,25.81250,1446,452,,,,,
2023-08-07T04:43:00+00:00,803,526,25.81250,1446,455,,,,,
2023-08-07T04:43:17+00:00,804,528,25.81250,1447,458,,,,,
2023-08-07T04:43:34+00:00,805,531,25.87500,1451,461,,,,,
2023-08-07T04:43:55+00:00,806,533,25.81250,1440,464,,,,,
2023-08-07T04:44:11+00:00,807,535,25.81250,1435,466,,,,,
2023-08-07T04:44:31+00:00,808,537,25.81250,1447,469,,,,,
2023-08-07T04:44:49+00:00,809,533,25.81250,1431,472,,,,,
2023-08-07T04:45:10+00:00,810,537,25.81250,1436,475,,,,,
2023-08-07T04:45:30+00:00,811,535,25.75000,1443,478,,,,,
2023-08-07T04:45:49+00:00,812,535,25.81250,1456,481,,,,,
2023-08-07T04:46:14+00:00,813,532,25.81250,1456,484,,,,,
2023-08-07T04:46:30+00:00,814,537,25.75000,1462,486,,,,,
2023-08-07T04:46:52+00:00,815,530,25.75000,1458,489,,,,,
2023-08-07T04:47:12+00:00,816,529,25.75000,1466,492,,,,,
2023-08-07T04:47:27+00:00,817,532,25.81250,1459,494,,,,,
2023-08-07T04:47:45+00:00,818,538,25.81250,1446,497,,,,,
2023-08-07T04:48:04+00:00,819,541,25.75000,1456,500,,,,,
2023-08-07T06:55:44+00:00,820,1000,26.06250,0,1,,,,,
2023-08-07T06:56:04+00:00,821,1000,26.00000,0,3,,,,,
2023-08-07T06:56:26+00:00,822,1000,25.93750,0,6,,,,,
2023-08-07T06:56:47+00:00,823,1000,25.87500,0,8,,,,,
2023-08-07T06:57:07+00:00,824,1000,25.87500,0,11,,,,,
2023-08-07T06:57:27+00:00,825,1000,25.81250,0,14,,,,,
2023-08-07T06:57:57+00:00,826,1000,25.75000,0,,,,,,
2023-08-07T06:58:15+00:00,827,1000,25.75000,0,,,,,,
2023-08-07T06:58:30+00:00,828,1000,25.75000,2487,,,,,,
2023-08-07T06:58:50+00:00,829,1000,25.68750,2467,,,,,,
2023-08-07T06:59:06+00:00,830,1000,25.68750,2292,,,,,,
2023-08-07T06:59:21+00:00,831,1000,25.68750,2262,,,,,,
2023-08-07T06:59:36+00:00,832,1000,25.68750,2293,,,,,,
2023-08-07T06:59:56+00:00,833,1000,25.75000,2359,,,,,,
2023-08-07T07:00:29+00:00,834,1000,25.68750,2385,,,,,,
2023-08-07T07:00:50+00:00,835,1000,25.75000,2433,,,,,,
2023-08-07T07:02:15+00:00,836,1000,25.75000,2619,,,,,,
2023-08-07T07:02:36+00:00,837,1000,25.75000,2607,,,,,,
2023-08-07T07:02:55+00:00,838,1000,25.68750,2625,,,,,,
2023-08-07T07:03:16+00:00,839,1000,25.68750,2627,,,,,,
2023-08-07T07:03:36+00:00,840,1000,25.62500,2623,,,,,,
2023-08-07T07:03:58+00:00,841,1000,25.62500,2624,,,,,,
2023-08-07T07:04:19+00:00,842,1000,25.56250,2622,,,,,,
2023-08-07T07:04:39+00:00,843,1000,25.50000,2602,,,,,,
2023-08-07T07:04:59+00:00,844,1000,25.43750,2583,,,,,,
2023-08-07T07:05:19+00:00,845,1000,25.37500,2592,,,,,,
2023-08-07T07:05:39+00:00,846,1000,25.37500,2567,,,,,,
2023-08-07T07:06:00+00:00,847,1000,25.31250,2533,,,,,,
2023-08-07T07:06:20+00:00,848,1000,25.25000,2529,,,,,,
2023-08-07T07:06:41+00:00,849,1000,25.18750,2507,,,,,,
2023-08-07T07:07:02+00:00,850,1000,25.25000,2502,,,,,,
2023-08-07T07:07:23+00:00,851,1000,25.18750,2455,,,,,,
2023-08-07T07:07:43+00:00,852,1000,25.12500,2471,,,,,,
2023-08-07T07:08:03+00:00,853,1000,25.06250,2419,,,,,,
2023-08-07T07:08:51+00:00,854,1000,25.00000,2402,,,,,,
2023-08-07T07:09:13+00:00,855,1000,24.93750,2365,,,,,,
2023-08-07T07:09:33+00:00,856,1000,24.93750,2363,,,,,,
2023-08-07T07:10:00+00:00,857,1000,24.87500,2334,,,,,,
2023-08-07T07:10:20+00:00,858,1000,24.87500,2317,,,,,,
2023-08-07T07:10:40+00:00,859,1000,24.87500,2329,,,,,,
2023-08-07T07:11:01+00:00,860,1000,24.81250,2308,,,,,,
2023-08-07T07:11:22+00:00,861,1000,24.81250,2299,,,,,,
2023-08-07T07:11:42+00:00,862,1000,24.81250,2287,,,,,,
2023-08-07T07:12:01+00:00,863,1000,24.81250,2235,,,,,,
2023-08-07T07:12:22+00:00,864,1000,24.81250,2255,,,,,,
2023-08-07T07:12:42+00:00,865,1000,24.81250,2221,,,,,,
2023-08-07T07:13:22+00:00,866,1000,24.75000,2219,17,0,,,,
2023-08-07T07:13:41+00:00,867,1000,24.75000,2193,17,0,,,,
2023-08-07T07:13:57+00:00,868,1000,24.75000,2158,17,0,,,,
2023-08-07T07:14:15+00:00,869,1000,24.75000,2156,17,0,,,,
2023-08-07T07:14:32+00:00,870,1000,24.68750,2141,17,0,,,,
2023-08-07T07:14:48+00:00,871,1000,24.75000,2169,17,0,,,,
2023-08-07T07:15:05+00:00,872,1000,24.68750,2114,17,0,,,,
2023-08-07T07:15:24+00:00,873,1000,24.68750,2097,17,0,,,,
2023-08-07T07:15:42+00:00,874,1000,24.68750,2123,17,0,,,,
2023-08-07T07:15:59+00:00,875,1000,24.68750,2128,17,0,,,,
2023-08-07T07:16:16+00:00,876,1000,24.68750,2122,17,0,,,,
2023-08-07T07:16:34+00:00,877,1000,24.62500,2102,17,0,,,,
2023-08-07T07:16:53+00:00,878,1000,24.62500,2103,17,0,,,,
2023-08-07T07:17:10+00:00,879,1000,24.68750,1865,17,0,,,,
2023-08-07T07:17:27+00:00,880,1000,24.62500,2087,17,0,,,,
2023-08-07T07:17:45+00:00,881,1000,24.68750,2069,17,0,,,,
2023-08-07T07:18:02+00:00,882,1000,24.62500,2042,17,0,,,,
2023-08-07T07:18:18+00:00,883,1000,24.62500,2075,17,0,,,,
2023-08-07T07:18:37+00:00,884,1000,24.62500,2086,17,0,,,,
2023-08-07T07:19:06+00:00,885,1000,24.62500,2074,17,0,,,,
2023-08-07T07:19:27+00:00,886,1000,24.62500,2064,17,1,,,,
2023-08-07T07:19:44+00:00,887,1000,24.56250,2045,17,1,,,,
2023-08-07T07:20:01+00:00,888,1000,24.56250,2034,17,1,,,,
2023-08-07T07:20:19+00:00,889,1000,24.56250,2089,17,1,,,,
2023-08-07T07:20:37+00:00,890,1000,24.62500,2079,17,1,,,,
2023-08-07T07:20:54+00:00,891,1000,24.62500,2083,17,1,,,,
2023-08-07T07:21:13+00:00,892,1000,24.56250,2064,17,1,,,,
2023-08-07T07:21:30+00:00,893,1000,24.62500,2073,17,1,,,,
2023-08-07T07:21:48+00:00,894,1000,24.62500,2054,17,1,,,,
2023-08-07T07:22:47+00:00,895,1000,24.62500,2047,17,1,,,,
2023-08-07T07:23:04+00:00,896,1000,24.56250,2084,17,1,,,,
2023-08-07T07:23:22+00:00,897,1000,24.62500,2064,17,1,,,,
2023-08-07T07:23:39+00:00,898,1000,24.56250,2031,17,1,,,,
2023-08-07T07:23:58+00:00,899,1000,24.56250,2047,17,1,,,,
2023-08-07T07:24:17+00:00,900,1000,24.62500,2031,17,1,,,,
2023-08-07T07:24:34+00:00,901,1000,24.56250,2058,17,1,,,,
2023-08-07T07:24:53+00:00,902,1000,24.56250,2013,17,1,,,,
2023-08-07T07:25:12+00:00,903,1000,24.50000,2032,17,1,,,,
2023-08-07T07:25:30+00:00,904,1000,24.50000,2015,17,1,,,,
2023-08-07T07:25:48+00:00,905,1000,24.50000,1978,17,1,,,,
2023-08-07T07:26:04+00:00,906,1000,24.50000,2006,17,1,,,,
2023-08-07T07:26:23+00:00,907,1000,24.50000,1999,17,1,,,,
2023-08-07T07:26:40+00:00,908,1000,24.50000,1981,17,1,,,,
2023-08-07T07:26:56+00:00,909,1000,24.50000,1979,17,1,,,,
2023-08-07T07:27:15+00:00,910,1000,24.50000,1936,17,1,,,,
2023-08-07T07:27:47+00:00,911,1000,24.43750,1952,17,0,,,,
2023-08-07T07:28:06+00:00,912,1000,24.43750,1970,17,1,,,,
2023-08-07T07:28:25+00:00,913,1000,24.50000,1935,17,1,,,,
2023-08-07T07:28:41+00:00,914,1000,24.43750,1929,17,1,,,,
2023-08-07T07:28:59+00:00,915,1000,24.43750,1913,17,1,,,,
2023-08-07T07:29:17+00:00,916,1000,24.43750,1973,17,1,,,,
2023-08-07T07:29:34+00:00,917,1000,24.43750,1968,17,1,,,,
2023-08-07T07:29:54+00:00,918,1000,24.43750,1923,17,1,,,,
2023-08-07T07:30:10+00:00,919,512,24.43750,1866,17,1,,,,
2023-08-07T07:30:29+00:00,920,494,24.43750,1889,17,0,,,,
2023-08-07T07:30:46+00:00,921,471,24.50000,1936,17,0,,,,
2023-08-07T07:31:05+00:00,922,458,24.43750,1927,17,0,,,,
2023-08-07T07:31:21+00:00,923,452,24.43750,1930,17,0,,,,
2023-08-07T07:31:38+00:00,924,450,24.43750,1917,17,0,,,,
2023-08-07T07:31:55+00:00,925,448,24.43750,1936,17,0,,,,
2023-08-07T07:32:14+00:00,926,441,24.43750,1958,17,0,,,,
2023-08-07T07:32:32+00:00,927,441,24.50000,1961,17,0,,,,
2023-08-07T07:32:51+00:00,928,436,24.43750,1951,17,0,,,,
2023-08-07T07:33:09+00:00,929,435,24.43750,1935,17,0,,,,
2023-08-07T07:33:26+00:00,930,434,24.50000,1953,17,0,,,,
2023-08-07T07:33:44+00:00,931,433,24.50000,1968,17,0,,,,
2023-08-07T07:34:03+00:00,932,433,24.43750,1962,17,0,,,,
2023-08-07T07:34:23+00:00,933,434,24.43750,1947,17,0,,,,
2023-08-07T07:34:41+00:00,934,430,24.43750,1967,17,0,,,,
2023-08-07T07:34:59+00:00,935,436,24.43750,1933,17,0,,,,
2023-08-07T07:35:18+00:00,936,437,24.43750,1936,17,0,,,,
2023-08-07T07:35:36+00:00,937,438,24.43750,1993,17,0,,,,
2023-08-07T07:35:54+00:00,938,444,24.50000,1958,17,0,,,,
2023-08-07T07:36:13+00:00,939,445,24.50000,1967,17,0,,,,
2023-08-07T07:36:29+00:00,940,446,24.50000,2004,17,0,,,,
2023-08-07T07:36:46+00:00,941,446,24.50000,2032,17,0,,,,
2023-08-07T07:37:05+00:00,942,449,24.43750,2044,17,0,,,,
2023-08-07T07:37:34+00:00,943,455,24.43750,2078,17,0,,,,
2023-08-07T07:37:53+00:00,944,458,24.43750,2073,17,0,,,,
2023-08-07T07:38:11+00:00,945,465,24.50000,2086,17,0,,,,
2023-08-07T07:38:28+00:00,946,465,24.50000,2078,17,0,,,,
2023-08-07T07:38:57+00:00,947,473,24.43750,2093,17,0,,,,
2023-08-07T07:39:17+00:00,948,1000,24.43750,2152,17,1,,,,
2023-08-07T07:39:35+00:00,949,466,24.43750,2117,17,0,,,,
2023-08-07T07:39:51+00:00,950,464,24.43750,2117,17,0,,,,
2023-08-07T07:40:08+00:00,951,462,24.43750,2103,17,0,,,,
2023-08-07T07:40:26+00:00,952,463,24.50000,2066,17,0,,,,
2023-08-07T07:40:43+00:00,953,453,24.50000,2095,17,0,,,,
2023-08-07T07:41:01+00:00,954,464,24.43750,2094,17,0,,,,
2023-08-07T07:41:19+00:00,955,467,24.50000,2064,17,0,,,,
2023-08-07T07:41:39+00:00,956,470,24.50000,2011,17,0,,,,
2023-08-07T07:41:56+00:00,957,465,24.43750,2054,17,0,,,,
2023-08-07T07:42:15+00:00,958,468,24.50000,2000,17,0,,,,
2023-08-07T07:42:32+00:00,959,471,24.37500,2002,17,0,,,,
2023-08-07T07:42:50+00:00,960,469,24.31250,2023,17,0,,,,
2023-08-07T07:43:07+00:00,961,475,24.25000,1994,17,0,,,,
2023-08-07T07:43:24+00:00,962,474,24.18750,1992,17,0,,,,
2023-08-07T07:43:41+00:00,963,477,24.18750,2017,17,0,,,,
2023-08-07T07:44:00+00:00,964,475,24.12500,2030,17,0,,,,
2023-08-07T07:44:18+00:00,965,478,24.06250,2026,17,0,,,,
2023-08-07T07:44:38+00:00,966,479,24.06250,2032,17,0,,,,
2023-08-07T07:44:56+00:00,967,479,24.00000,1986,17,0,,,,
2023-08-07T07:45:22+00:00,968,480,23.93750,2042,17,0,,,,
2023-08-07T07:45:47+00:00,969,468,23.87500,2064,17,0,,,,
2023-08-07T07:46:12+00:00,970,483,23.87500,2064,17,0,,,,
2023-08-07T07:46:37+00:00,971,480,23.81250,2022,17,0,,,,
2023-08-07T07:47:02+00:00,972,488,23.75000,2032,17,0,,,,
2023-08-07T07:47:26+00:00,973,483,23.81250,2069,17,0,,,,
2023-08-07T07:47:51+00:00,974,488,23.75000,2060,17,0,,,,
2023-08-07T07:48:17+00:00,975,483,23.68750,2029,17,0,,,,
2023-08-07T07:48:41+00:00,976,485,23.68750,2013,17,0,,,,
2023-08-07T07:49:06+00:00,977,483,23.68750,2027,17,0,,,,
2023-08-07T07:49:30+00:00,978,486,23.56250,2019,17,0,,,,
2023-08-07T07:49:55+00:00,979,484,23.62500,2000,17,0,,,,
2023-08-07T07:50:13+00:00,980,488,23.62500,2044,17,0,,,,
2023-08-07T07:50:31+00:00,981,488,23.62500,1994,17,0,,,,
2023-08-07T07:50:48+00:00,982,485,23.62500,2017,17,0,,,,
2023-08-07T07:51:20+00:00,983,485,23.56250,2046,17,0,,,,
2023-08-07T07:51:42+00:00,984,486,23.56250,2032,17,0,,,,
2023-08-07T07:52:01+00:00,985,485,23.62500,2045,17,0,,,,
2023-08-07T07:52:18+00:00,986,489,23.56250,2013,17,0,,,,
2023-08-07T07:52:36+00:00,987,490,23.62500,1990,17,0,,,,
2023-08-07T07:53:00+00:00,988,386,23.68750,2018,17,0,,,,
2023-08-07T07:53:18+00:00,989,598,23.75000,2061,17,0,,,,
2023-08-07T07:53:38+00:00,990,418,23.75000,2019,17,0,,,,
2023-08-07T07:53:55+00:00,991,482,23.68750,2042,17,0,,,,
2023-08-07T07:54:12+00:00,992,488,23.68750,2035,17,0,,,,
2023-08-07T07:54:31+00:00,993,491,23.75000,2077,17,0,,,,
2023-08-07T07:54:48+00:00,994,488,23.75000,2064,17,0,,,,
2023-08-07T07:55:07+00:00,995,489,23.75000,2043,17,0,,,,
2023-08-07T07:55:24+00:00,996,488,23.75000,2075,17,0,,,,
2023-08-07T07:55:41+00:00,997,490,23.75000,2061,17,0,,,,
2023-08-07T07:56:00+00:00,998,492,23.75000,2083,17,0,,,,
2023-08-07T07:56:19+00:00,999,489,23.81250,2068,17,0,,,,
2023-08-07T07:56:36+00:00,1000,486,23.81250,2095,17,0,,,,
2023-08-07T07:56:56+00:00,1001,485,23.81250,2079,17,0,,,,
2023-08-07T07:57:14+00:00,1002,488,23.75000,2096,17,0,,,,
2023-08-07T07:57:31+00:00,1003,485,23.75000,2077,17,0,,,,
2023-08-07T07:57:47+00:00,1004,484,23.81250,2103,17,0,,,,
2023-08-07T07:58:04+00:00,1005,483,23.81250,2125,17,0,,,,
2023-08-07T07:58:21+00:00,1006,485,23.81250,2085,17,0,,,,
2023-08-07T07:58:39+00:00,1007,485,23.75000,2110,17,0,,,,
2023-08-07T07:58:56+00:00,1008,485,23.81250,2112,17,0,,,,
2023-08-07T07:59:15+00:00,1009,487,23.68750,2128,17,0,,,,
2023-08-07T07:59:32+00:00,1010,488,23.75000,2121,17,0,,,,
2023-08-07T07:59:49+00:00,1011,483,23.75000,2123,17,0,,,,
2023-08-07T08:00:06+00:00,1012,482,23.75000,2160,17,0,,,,
2023-08-07T08:00:24+00:00,1013,485,23.75000,2130,17,0,,,,
2023-08-07T08:00:43+00:00,1014,480,23.68750,2160,17,0,,,,
2023-08-07T08:01:00+00:00,1015,485,23.68750,2175,17,0,,,,
2023-08-07T08:01:17+00:00,1016,486,23.75000,2149,17,0,,,,
2023-08-07T08:01:35+00:00,1017,490,23.68750,2182,17,0,,,,
2023-08-07T08:01:52+00:00,1018,488,23.68750,2191,17,0,,,,
2023-08-07T08:02:07+00:00,1019,487,23.68750,2186,17,0,,,,
2023-08-07T08:02:25+00:00,1020,486,23.68750,2166,17,0,,,,
2023-08-07T08:02:43+00:00,1021,486,23.75000,2194,17,0,,,,
2023-08-07T08:03:01+00:00,1022,488,23.68750,2138,17,0,,,,
2023-08-07T08:03:18+00:00,1023,488,23.62500,2170,17,0,,,,
2023-08-07T08:03:37+00:00,1024,487,23.62500,2165,17,0,,,,
2023-08-07T08:03:55+00:00,1025,1000,23.62500,2255,17,1,,,,
2023-08-07T08:04:13+00:00,1026,563,29.25000,2193,17,0,,,,
2023-08-07T08:04:31+00:00,1027,559,31.93750,2247,17,1,,,,
2023-08-07T08:04:48+00:00,1028,555,33.18750,2261,17,1,,,,
2023-08-07T08:05:09+00:00,1029,554,33.31250,2256,17,1,,,,
2023-08-07T08:05:26+00:00,1030,553,32.56250,2241,17,1,,,,
2023-08-07T08:05:43+00:00,1031,551,31.93750,2222,17,1,,,,
2023-08-07T08:06:00+00:00,1032,551,31.43750,2227,17,1,,,,
2023-08-07T08:06:17+00:00,1033,548,31.00000,2213,17,1,,,,
2023-08-07T08:06:36+00:00,1034,555,30.56250,2219,17,1,,,,
2023-08-07T08:06:53+00:00,1035,553,30.06250,2236,17,1,,,,
2023-08-07T08:07:12+00:00,1036,551,29.68750,2188,17,0,,,,
2023-08-07T08:07:29+00:00,1037,551,29.31250,2163,17,0,,,,
2023-08-07T08:07:46+00:00,1038,554,29.00000,2182,17,0,,,,
2023-08-07T08:08:05+00:00,1039,552,28.68750,2205,17,0,,,,
2023-08-07T08:08:23+00:00,1040,554,28.37500,2166,17,0,,,,
2023-08-07T08:08:41+00:00,1041,551,28.00000,2178,17,0,,,,
2023-08-07T08:08:58+00:00,1042,554,27.75000,2189,17,0,,,,
2023-08-07T08:09:15+00:00,1043,553,27.43750,2216,17,0,,,,
2023-08-07T08:09:33+00:00,1044,551,27.31250,2195,17,0,,,,
2023-08-07T08:09:51+00:00,1045,551,27.00000,2211,17,0,,,,
2023-08-07T08:10:08+00:00,1046,551,26.81250,2187,17,0,,,,
2023-08-07T08:10:26+00:00,1047,552,26.62500,2206,17,0,,,,
2023-08-07T08:10:43+00:00,1048,551,26.43750,2229,17,0,,,,
2023-08-07T08:11:01+00:00,1049,551,26.25000,2176,17,0,,,,
2023-08-07T08:11:16+00:00,1050,553,26.12500,2215,17,0,,,,
2023-08-07T08:11:34+00:00,1051,552,25.93750,2243,17,0,,,,
2023-08-07T08:11:51+00:00,1052,532,25.87500,2222,17,0,,,,
2023-08-07T08:12:08+00:00,1053,551,25.68750,2245,17,0,,,,
2023-08-07T08:12:26+00:00,1054,551,25.56250,2221,17,0,,,,
2023-08-07T08:12:44+00:00,1055,551,25.43750,2224,17,0,,,,
2023-08-07T08:13:01+00:00,1056,548,25.31250,2254,17,0,,,,
2023-08-07T08:13:18+00:00,1057,548,25.25000,2256,17,0,,,,
2023-08-07T08:13:35+00:00,1058,551,25.12500,2194,17,0,,,,
2023-08-07T08:13:52+00:00,1059,550,25.06250,2270,17,0,,,,
2023-08-07T08:14:12+00:00,1060,551,25.00000,2245,17,0,,,,
2023-08-07T08:14:29+00:00,1061,548,24.93750,2287,17,0,,,,
2023-08-07T08:14:47+00:00,1062,557,24.87500,2237,17,0,,,,
2023-08-07T08:15:04+00:00,1063,548,24.75000,2256,17,0,,,,
2023-08-07T08:15:22+00:00,1064,549,24.75000,2262,17,0,,,,
2023-08-07T08:15:41+00:00,1065,548,24.62500,2266,17,0,,,,
2023-08-07T08:15:58+00:00,1066,550,24.62500,2301,17,0,,,,
2023-08-07T08:16:16+00:00,1067,547,24.56250,2299,17,0,,,,
2023-08-07T08:16:34+00:00,1068,551,24.50000,2305,17,0,,,,
2023-08-07T08:16:51+00:00,1069,553,24.43750,2305,17,0,,,,
2023-08-07T08:17:11+00:00,1070,553,24.37500,2299,17,0,,,,
2023-08-07T08:17:31+00:00,1071,551,24.37500,2320,17,0,,,,
2023-08-07T08:17:49+00:00,1072,549,24.31250,2293,17,0,,,,
2023-08-07T08:18:06+00:00,1073,551,24.31250,2301,17,0,,,,
2023-08-07T08:18:23+00:00,1074,552,24.25000,2302,17,0,,,,
2023-08-07T08:18:42+00:00,1075,547,24.25000,2341,17,0,,,,
2023-08-07T08:19:00+00:00,1076,545,24.18750,2335,17,0,,,,
2023-08-07T08:19:17+00:00,1077,549,24.18750,2351,17,0,,,,
2023-08-07T08:19:34+00:00,1078,548,24.18750,2369,17,0,,,,
2023-08-07T08:19:51+00:00,1079,551,24.12500,2335,17,0,,,,
2023-08-07T08:20:11+00:00,1080,546,24.06250,2362,17,0,,,,
2023-08-07T08:20:28+00:00,1081,545,24.06250,2359,17,0,,,,
2023-08-07T08:20:46+00:00,1082,547,24.00000,2357,17,0,,,,
2023-08-07T08:21:04+00:00,1083,546,24.00000,2386,17,0,,,,
2023-08-07T08:21:21+00:00,1084,544,24.00000,2387,17,0,,,,
2023-08-07T08:21:40+00:00,1085,547,23.93750,2410,17,0,,,,
2023-08-07T08:21:57+00:00,1086,547,23.93750,2388,17,0,,,,
2023-08-07T08:22:15+00:00,1087,547,23.93750,2406,17,0,,,,
2023-08-07T08:22:32+00:00,1088,544,23.87500,2399,17,0,,,,
2023-08-07T08:22:49+00:00,1089,546,23.87500,2433,17,0,,,,
2023-08-07T08:23:07+00:00,1090,555,23.87500,2441,17,0,,,,
2023-08-07T08:23:26+00:00,1091,551,23.87500,2433,17,0,,,,
2023-08-07T08:23:43+00:00,1092,551,23.87500,2431,17,0,,,,
2023-08-07T08:24:00+00:00,1093,551,23.87500,2439,17,0,,,,
2023-08-07T08:24:17+00:00,1094,551,23.81250,2467,17,0,,,,
2023-08-07T08:24:34+00:00,1095,552,23.87500,2468,17,0,,,,
2023-08-07T08:24:53+00:00,1096,552,23.81250,2469,17,0,,,,
2023-08-07T08:25:10+00:00,1097,551,23.81250,2490,17,0,,,,
2023-08-07T08:25:27+00:00,1098,551,23.87500,2480,17,0,,,,
2023-08-07T08:25:44+00:00,1099,552,23.81250,2501,17,0,,,,
2023-08-07T08:26:01+00:00,1100,552,23.81250,2506,17,0,,,,
2023-08-07T08:26:17+00:00,1101,551,23.81250,2512,17,0,,,,
2023-08-07T08:26:34+00:00,1102,554,23.81250,2511,17,0,,,,
2023-08-07T08:26:52+00:00,1103,550,23.81250,2528,17,0,,,,
2023-08-07T08:27:09+00:00,1104,551,23.75000,2531,17,0,,,,
2023-08-07T08:27:26+00:00,1105,554,23.81250,2544,17,0,,,,
2023-08-07T08:27:44+00:00,1106,554,23.81250,2571,17,0,,,,
2023-08-07T08:28:02+00:00,1107,553,23.81250,2558,17,0,,,,
2023-08-07T08:28:19+00:00,1108,551,23.75000,2586,17,0,,,,
2023-08-07T08:28:37+00:00,1109,550,23.81250,2603,17,0,,,,
2023-08-07T08:28:52+00:00,1110,551,23.75000,2601,17,0,,,,
2023-08-07T08:29:12+00:00,1111,554,23.75000,2593,17,0,,,,
2023-08-07T08:29:29+00:00,1112,556,23.75000,2653,17,0,,,,
2023-08-07T08:29:47+00:00,1113,554,23.75000,2659,17,0,,,,
2023-08-07T08:30:05+00:00,1114,554,23.75000,2656,17,0,,,,
2023-08-07T08:30:23+00:00,1115,556,23.75000,2670,17,0,,,,
2023-08-07T08:30:41+00:00,1116,556,23.75000,2702,17,0,,,,
2023-08-07T08:30:58+00:00,1117,560,23.75000,2704,17,0,,,,
2023-08-07T08:31:16+00:00,1118,560,23.75000,2719,17,0,,,,
2023-08-07T08:31:33+00:00,1119,559,23.68750,2699,17,0,,,,
2023-08-07T08:31:50+00:00,1120,560,23.68750,2742,17,0,,,,
2023-08-07T08:32:08+00:00,1121,562,23.75000,2731,17,0,,,,
2023-08-07T08:32:27+00:00,1122,563,23.75000,2747,17,0,,,,
2023-08-07T08:32:44+00:00,1123,566,23.68750,2735,17,0,,,,
2023-08-07T08:33:01+00:00,1124,563,23.75000,2758,17,0,,,,
2023-08-07T08:33:19+00:00,1125,1000,23.75000,2757,17,0,,,,
2023-08-07T08:33:38+00:00,1126,1000,23.75000,2799,17,1,,,,
2023-08-07T08:33:55+00:00,1127,1000,23.68750,2804,17,1,,,,
2023-08-07T08:34:13+00:00,1128,1000,23.75000,2791,17,1,,,,
2023-08-07T08:34:32+00:00,1129,1000,23.75000,2790,17,1,,,,
2023-08-07T08:34:49+00:00,1130,1000,23.68750,2800,17,1,,,,
2023-08-07T08:35:09+00:00,1131,1000,23.75000,2799,17,1,,,,
2023-08-07T08:35:28+00:00,1132,1000,23.68750,2811,17,1,,,,
2023-08-07T08:35:45+00:00,1133,1000,23.68750,2788,17,1,,,,
2023-08-07T08:36:02+00:00,1134,1000,23.68750,2795,17,1,,,,
2023-08-07T08:36:20+00:00,1135,1000,23.68750,2785,17,1,,,,
2023-08-07T08:36:39+00:00,1136,1000,23.75000,2810,17,1,,,,
2023-08-07T08:36:57+00:00,1137,1000,23.68750,2784,17,1,,,,
2023-08-07T08:37:14+00:00,1138,1000,23.68750,2797,17,1,,,,
2023-08-07T08:37:32+00:00,1139,1000,23.75000,2779,17,1,,,,
2023-08-07T08:38:17+00:00,1140,1000,23.68750,2810,17,1,,,,
2023-08-07T08:39:34+00:00,1141,1000,23.75000,2829,17,1,,,,
2023-08-07T08:40:00+00:00,1142,1000,23.75000,2827,17,1,,,,
2023-08-07T08:40:53+00:00,1143,1000,23.75000,2865,17,1,,,,
2023-08-07T08:41:13+00:00,1144,1000,23.75000,2871,17,1,,,,
2023-08-07T08:41:46+00:00,1145,1000,23.81250,2878,17,1,,,,
2023-08-07T08:42:02+00:00,1146,1000,23.81250,2889,17,1,,,,
2023-08-07T08:42:42+00:00,1147,1000,23.75000,2896,17,1,,,,
2023-08-07T08:43:00+00:00,1148,1000,23.75000,2917,17,1,,,,
2023-08-07T08:43:15+00:00,1149,1000,23.81250,2904,17,1,,,,
2023-08-07T08:43:45+00:00,1150,618,23.81250,2919,17,1,,,,
2023-08-07T08:44:05+00:00,1151,619,23.81250,2921,17,1,,,,
2023-08-07T08:44:22+00:00,1152,620,23.81250,2928,17,1,,,,
2023-08-07T08:44:45+00:00,1153,613,23.81250,2933,17,1,,,,
2023-08-07T08:45:04+00:00,1154,611,23.81250,2929,17,1,,,,
2023-08-07T08:45:21+00:00,1155,606,23.87500,2954,17,1,,,,
2023-08-07T08:45:46+00:00,1156,607,23.75000,2939,17,1,,,,
2023-08-07T08:46:06+00:00,1157,606,23.81250,2975,17,1,,,,
2023-08-07T08:46:24+00:00,1158,602,23.81250,2966,17,1,,,,
2023-08-07T08:48:59+00:00,1159,595,23.81250,3008,17,1,,,,
2023-08-07T08:49:30+00:00,1160,598,23.81250,3002,17,0,,,,
2023-08-07T08:49:47+00:00,1161,594,23.81250,2991,17,0,,,,
2023-08-07T08:50:36+00:00,1162,590,23.81250,3008,17,0,,,,
2023-08-07T08:50:53+00:00,1163,593,23.81250,3015,17,0,,,,
2023-08-07T08:51:15+00:00,1164,595,23.81250,3027,17,0,,,,
2023-08-07T08:52:02+00:00,1165,596,23.81250,3023,17,0,,,,
2023-08-07T08:52:22+00:00,1166,594,23.81250,3030,17,0,,,,
2023-08-07T08:53:24+00:00,1167,593,23.75000,3050,17,0,,,,
2023-08-07T08:53:47+00:00,1168,480,23.81250,2869,17,0,,,,
2023-08-07T08:54:12+00:00,1169,534,23.87500,2907,17,0,,,,
2023-08-07T08:55:28+00:00,1170,558,23.81250,2729,17,0,,,,
2023-08-07T08:55:43+00:00,1171,545,23.87500,2717,17,0,,,,
2023-08-07T08:55:59+00:00,1172,545,23.87500,2731,17,0,,,,
2023-08-07T08:56:17+00:00,1173,542,23.93750,2710,17,0,,,,
2023-08-07T08:56:35+00:00,1174,543,23.93750,2713,17,0,,,,
2023-08-07T08:56:51+00:00,1175,536,23.93750,2706,17,0,,,,
2023-08-07T08:57:06+00:00,1176,539,23.93750,2698,17,0,,,,
2023-08-07T08:57:24+00:00,1177,537,24.00000,2705,17,0,,,,
2023-08-07T08:57:44+00:00,1178,544,23.93750,2709,17,0,,,,
2023-08-07T08:58:00+00:00,1179,539,23.93750,2723,17,0,,,,
2023-08-07T08:58:17+00:00,1180,543,24.00000,2736,17,0,,,,
2023-08-07T08:58:36+00:00,1181,544,24.00000,2741,17,0,,,,
2023-08-07T08:58:53+00:00,1182,537,24.00000,2731,17,0,,,,
2023-08-07T08:59:12+00:00,1183,541,23.93750,2719,17,0,,,,
2023-08-07T08:59:29+00:00,1184,543,24.00000,2733,17,0,,,,
2023-08-07T08:59:47+00:00,1185,535,24.00000,2750,17,0,,,,
2023-08-07T09:00:04+00:00,1186,539,24.00000,2720,17,0,,,,
2023-08-07T09:00:21+00:00,1187,539,24.00000,2773,17,0,,,,
2023-08-07T09:00:36+00:00,1188,539,24.00000,2761,17,0,,,,
2023-08-07T09:14:56+00:00,1189,533,24.25000,2854,17,0,,,,
2023-08-07T09:15:15+00:00,1190,527,24.25000,2864,17,0,,,,
2023-08-07T09:15:32+00:00,1191,523,24.18750,2898,17,0,,,,
2023-08-07T09:15:51+00:00,1192,527,24.18750,2913,17,0,,,,
2023-08-07T09:16:08+00:00,1193,529,24.25000,2913,17,0,,,,
2023-08-07T09:16:26+00:00,1194,527,24.25000,2879,17,0,,,,
2023-08-07T09:16:45+00:00,1195,527,24.18750,2886,17,0,,,,
2023-08-07T09:17:03+00:00,1196,534,24.25000,2881,17,0,,,,
2023-08-07T09:17:21+00:00,1197,534,24.18750,2877,17,0,,,,
2023-08-07T09:17:58+00:00,1198,534,24.18750,2896,17,0,,,,
2023-08-07T09:18:35+00:00,1199,530,24.18750,2894,17,0,,,,
2023-08-07T09:20:05+00:00,1200,530,24.18750,2890,17,0,,,,
2023-08-07T09:20:29+00:00,1201,533,24.18750,2885,17,0,,,,
2023-08-07T09:20:52+00:00,1202,528,24.18750,2818,17,0,,,,
2023-08-07T09:21:42+00:00,1203,533,24.18750,2640,17,0,,,,
2023-08-07T09:22:00+00:00,1204,530,24.25000,2593,17,0,,,,
2023-08-07T09:22:23+00:00,1205,543,24.18750,2558,17,0,,,,
2023-08-07T09:22:52+00:00,1206,536,24.18750,2545,17,0,,,,
2023-08-07T09:23:09+00:00,1207,531,24.31250,2586,17,0,,,,
2023-08-07T09:23:27+00:00,1208,542,24.25000,2573,17,0,,,,
2023-08-07T09:23:44+00:00,1209,534,24.25000,2558,17,0,,,,
2023-08-07T09:24:03+00:00,1210,535,24.31250,2549,17,0,,,,
2023-08-07T09:24:18+00:00,1211,534,24.25000,2583,17,0,,,,
2023-08-07T09:24:34+00:00,1212,540,24.25000,2557,17,0,,,,
2023-08-07T09:25:00+00:00,1213,535,24.25000,2576,17,0,,,,
2023-08-07T09:25:16+00:00,1214,538,24.25000,2578,17,0,,,,
2023-08-07T09:25:32+00:00,1215,545,24.25000,2591,17,0,,,,
2023-08-07T09:25:48+00:00,1216,535,24.25000,2550,17,0,,,,
2023-08-07T09:26:06+00:00,1217,533,24.25000,2585,17,0,,,,
2023-08-07T09:26:24+00:00,1218,539,24.25000,2591,17,0,,,,
2023-08-07T09:26:44+00:00,1219,537,24.25000,2576,17,0,,,,
2023-08-07T09:27:01+00:00,1220,534,24.31250,2576,17,0,,,,
2023-08-07T09:27:19+00:00,1221,535,24.31250,2586,17,0,,,,
2023-08-07T09:27:36+00:00,1222,539,24.31250,2558,17,0,,,,
2023-08-07T09:27:54+00:00,1223,532,24.31250,2553,17,0,,,,
2023-08-07T09:28:13+00:00,1224,515,24.25000,2545,17,0,,,,
2023-08-07T09:28:31+00:00,1225,526,24.31250,2575,17,0,,,,
2023-08-07T09:28:49+00:00,1226,532,24.31250,2587,17,0,,,,
2023-08-07T09:29:06+00:00,1227,531,24.31250,2576,17,0,,,,
2023-08-07T09:29:27+00:00,1228,532,24.31250,2558,17,0,,,,
2023-08-07T09:29:43+00:00,1229,531,24.31250,2541,17,0,,,,
2023-08-07T09:30:01+00:00,1230,537,24.31250,2548,17,0,,,,
2023-08-07T09:30:17+00:00,1231,536,24.31250,2523,17,0,,,,
2023-08-07T09:30:35+00:00,1232,539,24.31250,2526,17,0,,,,
2023-08-07T09:30:51+00:00,1233,535,24.31250,2527,17,0,,,,
2023-08-07T09:31:09+00:00,1234,533,24.31250,2535,17,0,,,,
2023-08-07T09:31:24+00:00,1235,535,24.31250,2533,17,0,,,,
2023-08-07T09:31:40+00:00,1236,533,24.31250,2551,17,0,,,,
2023-08-07T09:31:57+00:00,1237,534,24.31250,2531,17,0,,,,
2023-08-07T09:32:15+00:00,1238,535,24.31250,2514,17,0,,,,
2023-08-07T09:32:35+00:00,1239,535,24.31250,2513,17,0,,,,
2023-08-07T09:32:51+00:00,1240,536,24.31250,2495,17,0,,,,
2023-08-07T09:33:08+00:00,1241,537,24.31250,2495,17,0,,,,
2023-08-07T09:33:29+00:00,1242,534,24.31250,2604,17,0,,,,
2023-08-07T09:33:47+00:00,1243,534,24.31250,2595,17,0,,,,
2023-08-07T09:34:15+00:00,1244,537,24.31250,2572,17,0,,,,
2023-08-07T09:34:31+00:00,1245,539,24.31250,2590,17,0,,,,
2023-08-07T09:34:51+00:00,1246,538,24.31250,2581,17,0,,,,
2023-08-07T09:35:08+00:00,1247,535,24.31250,2604,17,0,,,,
2023-08-07T09:35:24+00:00,1248,532,24.37500,2573,17,0,,,,
2023-08-07T09:35:46+00:00,1249,532,24.37500,2589,17,0,,,,
2023-08-07T09:36:03+00:00,1250,533,24.37500,2580,17,0,,,,
2023-08-07T09:36:21+00:00,1251,533,24.37500,2576,17,0,,,,
2023-08-07T09:36:39+00:00,1252,540,24.37500,2566,17,0,,,,
2023-08-07T09:36:57+00:00,1253,533,24.37500,2571,17,0,,,,
2023-08-07T09:37:15+00:00,1254,534,24.37500,2573,17,0,,,,
2023-08-07T09:37:33+00:00,1255,543,24.37500,2896,17,0,,,,
2023-08-07T09:37:51+00:00,1256,538,24.37500,2912,17,0,,,,
2023-08-07T09:38:09+00:00,1257,534,24.43750,2919,17,0,,,,
2023-08-07T09:38:26+00:00,1258,532,24.37500,2923,17,0,,,,
2023-08-07T09:38:46+00:00,1259,537,24.43750,2928,17,0,,,,
2023-08-07T09:39:02+00:00,1260,557,24.37500,2928,17,0,,,,
